,Unnamed: 0,max_energy,max_hitpoints,experience_level,sokoban_solved_levels_score,scout_score,staircase_score,eating_score,experience_points,armor_class,sokoban_fill_pit_score,wisdom,ttyrecname,charisma,hitpoints,staircase_pet_score,strength,energy,gold,step,dexterity,sokoban_reached_score,max_dlvl,score,sokoban_solved_score,constitution,intelligence,dlvl
0,0,9.0,60.0,5.0,0.0,503.0,10.0,6387.0,160.0,5.0,0.0,10.0,nle.31057.0.ttyrec3.bz2,9.0,2.0,1.0,14.0,9.0,10.0,7871.0,13.0,0.0,1.0,756.0,0.0,19.0,8.0,1.0
1,1,30.0,81.0,9.0,0.0,3340.0,100.0,36472.0,3645.0,-3.0,0.0,8.0,nle.31057.1.ttyrec3.bz2,7.0,0.0,9.0,16.0,30.0,284.0,53951.0,16.0,0.0,5.0,15074.0,0.0,18.0,11.0,5.0
2,2,49.0,51.0,8.0,0.0,829.0,42.0,19834.0,1394.0,2.0,0.0,16.0,nle.31058.0.ttyrec3.bz2,9.0,0.0,8.0,15.0,49.0,67.0,37414.0,13.0,0.0,2.0,5693.0,0.0,18.0,12.0,2.0
3,3,50.0,44.0,6.0,0.0,552.0,53.0,10455.0,495.0,3.0,0.0,14.0,nle.31058.1.ttyrec3.bz2,17.0,0.0,6.0,15.0,50.0,22.0,14117.0,9.0,0.0,1.0,2002.0,0.0,16.0,9.0,1.0
4,4,102.0,51.0,8.0,0.0,2634.0,45.0,24329.0,2424.0,0.0,0.0,11.0,nle.31059.0.ttyrec3.bz2,10.0,0.0,9.0,16.0,102.0,95.0,32229.0,18.0,0.0,4.0,10001.0,0.0,16.0,16.0,4.0
5,5,25.0,107.0,10.0,0.0,8125.0,127.0,32203.0,5513.0,4.0,0.0,8.0,nle.31059.1.ttyrec3.bz2,7.0,0.0,5.0,18.0,25.0,44.0,51555.0,17.0,0.0,7.0,27300.0,0.0,18.0,7.0,7.0
6,6,35.0,67.0,8.0,0.0,1681.0,49.0,27985.0,1554.0,-1.0,0.0,12.0,nle.31060.0.ttyrec3.bz2,12.0,0.0,14.0,15.0,35.0,0.0,47758.0,14.0,0.0,4.0,6376.0,0.0,18.0,19.0,4.0
7,7,24.0,46.0,6.0,0.0,2796.0,139.0,24417.0,639.0,-3.0,0.0,6.0,nle.31060.1.ttyrec3.bz2,9.0,0.0,44.0,17.0,24.0,275.0,33588.0,18.0,0.0,5.0,9679.0,0.0,18.0,11.0,4.0
8,8,34.0,118.0,12.0,1.0,16772.0,296.0,48856.0,22147.0,-4.0,9.0,9.0,nle.31061.0.ttyrec3.bz2,10.0,118.0,18.0,18.0,34.0,2451.0,97237.0,17.0,1.0,11.0,82491.0,0.0,18.0,7.0,11.0
9,9,23.0,60.0,8.0,0.0,1624.0,42.0,21449.0,1635.0,6.0,0.0,7.0,nle.31061.1.ttyrec3.bz2,17.0,0.0,9.0,14.0,23.0,71.0,30327.0,14.0,1.0,5.0,6750.0,0.0,16.0,13.0,5.0
10,10,46.0,50.0,7.0,0.0,556.0,27.0,12775.0,646.0,-1.0,0.0,13.0,nle.31062.0.ttyrec3.bz2,7.0,0.0,1.0,12.0,46.0,11.0,15907.0,13.0,0.0,1.0,3047.0,0.0,16.0,14.0,1.0
11,11,44.0,68.0,9.0,0.0,4140.0,95.0,25445.0,2947.0,-3.0,0.0,12.0,nle.31062.1.ttyrec3.bz2,10.0,10.0,27.0,15.0,44.0,560.0,39719.0,16.0,0.0,6.0,12608.0,0.0,17.0,9.0,6.0
12,12,30.0,111.0,10.0,0.0,7575.0,124.0,28765.0,8624.0,-4.0,0.0,9.0,nle.31077.1.ttyrec3.bz2,8.0,111.0,7.0,18.0,30.0,285.0,50652.0,15.0,0.0,8.0,30803.0,0.0,17.0,8.0,8.0
13,13,114.0,73.0,9.0,0.0,2181.0,106.0,24684.0,2888.0,10.0,0.0,18.0,nle.31078.0.ttyrec3.bz2,9.0,6.0,1.0,15.0,114.0,309.0,37976.0,17.0,0.0,4.0,12011.0,0.0,17.0,11.0,4.0
14,14,18.0,29.0,3.0,0.0,9.0,6.0,3683.0,69.0,9.0,0.0,12.0,nle.31078.1.ttyrec3.bz2,15.0,0.0,3.0,12.0,18.0,5.0,4531.0,11.0,0.0,1.0,276.0,0.0,16.0,13.0,1.0
15,15,63.0,37.0,6.0,0.0,646.0,19.0,8683.0,354.0,1.0,0.0,11.0,nle.31079.0.ttyrec3.bz2,8.0,0.0,9.0,9.0,63.0,10.0,10510.0,17.0,0.0,1.0,1426.0,0.0,16.0,18.0,1.0
16,16,91.0,50.0,7.0,0.0,601.0,15.0,14728.0,729.0,4.0,0.0,17.0,nle.31079.1.ttyrec3.bz2,10.0,8.0,9.0,14.0,91.0,9.0,16873.0,17.0,0.0,1.0,2925.0,0.0,17.0,8.0,1.0
17,17,55.0,76.0,10.0,0.0,2422.0,226.0,43227.0,5926.0,8.0,0.0,12.0,nle.31080.0.ttyrec3.bz2,11.0,0.0,3.0,16.0,55.0,4.0,122853.0,16.0,0.0,4.0,23868.0,0.0,17.0,7.0,4.0
18,18,25.0,40.0,5.0,0.0,512.0,32.0,5087.0,195.0,6.0,0.0,12.0,nle.31080.1.ttyrec3.bz2,9.0,8.0,7.0,17.0,25.0,29.0,6856.0,18.0,0.0,1.0,819.0,0.0,14.0,7.0,1.0
19,19,39.0,81.0,9.0,0.0,1379.0,113.0,27724.0,2887.0,1.0,0.0,12.0,nle.31081.0.ttyrec3.bz2,9.0,81.0,20.0,15.0,39.0,542.0,64399.0,18.0,0.0,3.0,12190.0,0.0,18.0,13.0,3.0
20,20,40.0,39.0,4.0,0.0,578.0,0.0,2498.0,90.0,9.0,0.0,12.0,nle.31081.1.ttyrec3.bz2,8.0,0.0,0.0,9.0,40.0,27.0,3685.0,14.0,0.0,1.0,387.0,0.0,17.0,18.0,1.0
21,21,45.0,94.0,9.0,0.0,2910.0,71.0,27768.0,3504.0,10.0,0.0,11.0,nle.31082.0.ttyrec3.bz2,8.0,0.0,11.0,19.0,45.0,18.0,42191.0,17.0,0.0,4.0,14184.0,0.0,17.0,7.0,4.0
22,22,108.0,62.0,8.0,0.0,2755.0,32.0,24652.0,2181.0,-1.0,0.0,18.0,nle.31082.1.ttyrec3.bz2,11.0,0.0,4.0,13.0,108.0,89.0,32230.0,15.0,0.0,4.0,8963.0,0.0,16.0,9.0,4.0
23,23,14.0,54.0,5.0,0.0,404.0,67.0,7117.0,160.0,2.0,0.0,7.0,nle.31083.0.ttyrec3.bz2,8.0,2.0,6.0,20.0,14.0,7.0,9568.0,16.0,0.0,1.0,911.0,0.0,18.0,7.0,1.0
24,24,61.0,75.0,10.0,0.0,3888.0,136.0,37435.0,7721.0,1.0,0.0,14.0,nle.31083.1.ttyrec3.bz2,8.0,0.0,0.0,17.0,61.0,944.0,69176.0,18.0,0.0,6.0,32088.0,0.0,18.0,10.0,6.0
25,25,5.0,60.0,5.0,0.0,556.0,18.0,7454.0,173.0,2.0,0.0,6.0,nle.31084.0.ttyrec3.bz2,9.0,2.0,1.0,17.0,5.0,17.0,9068.0,15.0,0.0,1.0,1301.0,0.0,18.0,8.0,1.0
26,26,73.0,61.0,9.0,0.0,3365.0,131.0,26456.0,3321.0,0.0,0.0,14.0,nle.31084.1.ttyrec3.bz2,17.0,0.0,8.0,13.0,73.0,144.0,39725.0,14.0,0.0,6.0,13688.0,0.0,16.0,8.0,5.0
27,27,18.0,77.0,8.0,0.0,1573.0,77.0,20997.0,2041.0,-3.0,0.0,8.0,nle.31085.0.ttyrec3.bz2,9.0,0.0,26.0,16.0,18.0,123.0,28642.0,10.0,0.0,4.0,8457.0,0.0,18.0,11.0,4.0
28,28,12.0,73.0,6.0,0.0,385.0,18.0,12775.0,516.0,4.0,0.0,10.0,nle.31085.1.ttyrec3.bz2,9.0,3.0,9.0,15.0,12.0,4.0,15583.0,14.0,0.0,1.0,2068.0,0.0,19.0,14.0,1.0
29,29,62.0,28.0,4.0,0.0,449.0,0.0,2739.0,107.0,6.0,0.0,19.0,nle.31086.0.ttyrec3.bz2,11.0,0.0,0.0,10.0,62.0,4.0,3858.0,13.0,0.0,1.0,432.0,0.0,13.0,11.0,1.0
30,30,36.0,40.0,5.0,0.0,557.0,12.0,5710.0,169.0,3.0,0.0,11.0,nle.31086.1.ttyrec3.bz2,17.0,0.0,4.0,16.0,36.0,7.0,7524.0,11.0,0.0,1.0,911.0,0.0,14.0,8.0,1.0
31,31,33.0,53.0,8.0,0.0,1532.0,50.0,28339.0,1292.0,-6.0,0.0,13.0,,7.0,0.0,18.0,13.0,33.0,38.0,36252.0,14.0,0.0,2.0,5840.0,0.0,18.0,14.0,2.0
32,0,26.0,64.0,7.0,0.0,591.0,56.0,14920.0,674.0,8.0,0.0,15.0,nle.19720.0.ttyrec3.bz2,10.0,31.0,6.0,11.0,26.0,0.0,28737.0,12.0,0.0,1.0,3820.0,0.0,17.0,16.0,1.0
33,1,15.0,108.0,11.0,0.0,4920.0,135.0,37371.0,13037.0,-2.0,0.0,5.0,nle.19720.1.ttyrec3.bz2,9.0,0.0,5.0,16.0,15.0,1343.0,63821.0,17.0,0.0,7.0,38355.0,0.0,17.0,8.0,7.0
34,2,47.0,51.0,8.0,0.0,1901.0,37.0,27943.0,2333.0,-3.0,0.0,15.0,nle.19721.0.ttyrec3.bz2,7.0,0.0,12.0,16.0,47.0,214.0,45975.0,16.0,0.0,4.0,9706.0,0.0,18.0,14.0,4.0
35,3,29.0,71.0,8.0,0.0,1136.0,110.0,30097.0,1686.0,4.0,0.0,5.0,nle.19721.1.ttyrec3.bz2,18.0,11.0,28.0,12.0,29.0,0.0,31454.0,13.0,0.0,2.0,6804.0,0.0,18.0,13.0,2.0
36,4,16.0,50.0,5.0,0.0,596.0,11.0,6920.0,220.0,8.0,0.0,7.0,nle.19722.0.ttyrec3.bz2,8.0,0.0,8.0,20.0,16.0,6.0,7962.0,12.0,0.0,1.0,886.0,0.0,18.0,9.0,1.0
37,5,31.0,65.0,8.0,0.0,1574.0,70.0,29366.0,1778.0,3.0,0.0,12.0,nle.19722.1.ttyrec3.bz2,15.0,0.0,13.0,14.0,31.0,22.0,56533.0,17.0,0.0,3.0,7222.0,0.0,17.0,12.0,3.0
38,6,53.0,47.0,6.0,0.0,531.0,32.0,13803.0,617.0,1.0,0.0,14.0,nle.19723.0.ttyrec3.bz2,17.0,0.0,2.0,14.0,53.0,8.0,18524.0,9.0,0.0,1.0,2486.0,0.0,17.0,10.0,1.0
39,7,79.0,65.0,9.0,0.0,1672.0,36.0,26159.0,2846.0,3.0,0.0,13.0,nle.19723.1.ttyrec3.bz2,17.0,0.0,9.0,16.0,79.0,1629.0,50934.0,13.0,0.0,3.0,11534.0,0.0,18.0,11.0,3.0
40,8,20.0,51.0,6.0,0.0,603.0,0.0,10482.0,430.0,2.0,0.0,13.0,nle.19724.0.ttyrec3.bz2,7.0,0.0,0.0,15.0,20.0,4.0,10536.0,13.0,0.0,1.0,1724.0,0.0,16.0,14.0,1.0
41,9,31.0,42.0,6.0,0.0,660.0,109.0,9538.0,500.0,5.0,0.0,16.0,nle.19724.1.ttyrec3.bz2,9.0,1.0,3.0,12.0,31.0,15.0,17592.0,11.0,0.0,1.0,2025.0,0.0,17.0,17.0,1.0
42,10,47.0,42.0,7.0,0.0,548.0,14.0,15277.0,641.0,3.0,0.0,15.0,nle.19725.1.ttyrec3.bz2,9.0,42.0,2.0,21.0,47.0,3.0,21599.0,10.0,0.0,1.0,2577.0,0.0,17.0,11.0,1.0
43,11,9.0,31.0,3.0,0.0,1785.0,40.0,1623.0,64.0,6.0,0.0,12.0,nle.19726.0.ttyrec3.bz2,12.0,0.0,8.0,13.0,9.0,43.0,3363.0,14.0,0.0,3.0,449.0,0.0,15.0,10.0,3.0
44,12,50.0,56.0,7.0,0.0,481.0,159.0,16943.0,670.0,7.0,0.0,18.0,nle.19726.1.ttyrec3.bz2,17.0,56.0,27.0,12.0,50.0,1924.0,23622.0,12.0,0.0,1.0,2685.0,0.0,16.0,9.0,1.0
45,13,51.0,67.0,8.0,0.0,2450.0,54.0,24052.0,2089.0,0.0,0.0,15.0,nle.19727.0.ttyrec3.bz2,8.0,3.0,23.0,17.0,51.0,152.0,35411.0,16.0,0.0,4.0,8678.0,0.0,17.0,12.0,4.0
46,14,16.0,28.0,4.0,0.0,520.0,44.0,5751.0,80.0,10.0,0.0,10.0,nle.19727.1.ttyrec3.bz2,15.0,0.0,14.0,15.0,16.0,946.0,11129.0,10.0,0.0,1.0,328.0,0.0,15.0,13.0,1.0
47,15,61.0,32.0,4.0,0.0,644.0,7.0,4613.0,117.0,8.0,0.0,15.0,nle.19728.0.ttyrec3.bz2,8.0,0.0,3.0,9.0,61.0,3.0,6512.0,10.0,0.0,1.0,471.0,0.0,16.0,19.0,1.0
48,16,40.0,84.0,9.0,0.0,3324.0,154.0,22619.0,2628.0,-2.0,0.0,10.0,nle.19728.1.ttyrec3.bz2,7.0,74.0,19.0,19.0,40.0,136.0,33678.0,14.0,0.0,5.0,10868.0,0.0,18.0,3.0,5.0
49,17,55.0,50.0,6.0,0.0,1174.0,56.0,10030.0,322.0,8.0,0.0,9.0,nle.19729.0.ttyrec3.bz2,10.0,0.0,0.0,11.0,55.0,4.0,14117.0,18.0,0.0,2.0,2592.0,0.0,18.0,13.0,1.0
50,18,20.0,101.0,10.0,4.0,8776.0,166.0,31588.0,7391.0,9.0,53.0,6.0,nle.19729.1.ttyrec3.bz2,10.0,0.0,14.0,26.0,16.0,0.0,47671.0,17.0,4.0,12.0,29914.0,1.0,18.0,7.0,12.0
51,19,37.0,65.0,7.0,0.0,1319.0,32.0,20737.0,1279.0,-1.0,0.0,11.0,nle.19730.0.ttyrec3.bz2,9.0,65.0,0.0,15.0,37.0,32.0,42512.0,15.0,4.0,2.0,7226.0,0.0,18.0,11.0,2.0
52,20,23.0,42.0,6.0,0.0,506.0,6.0,11933.0,616.0,10.0,0.0,14.0,nle.19730.1.ttyrec3.bz2,10.0,1.0,1.0,11.0,23.0,0.0,26709.0,13.0,0.0,1.0,2474.0,0.0,16.0,16.0,1.0
53,21,63.0,44.0,6.0,0.0,657.0,31.0,20246.0,639.0,-2.0,0.0,7.0,nle.19731.0.ttyrec3.bz2,10.0,3.0,15.0,11.0,63.0,26.0,26056.0,14.0,0.0,1.0,4318.0,0.0,16.0,20.0,1.0
54,22,43.0,87.0,10.0,3.0,7300.0,200.0,37261.0,6544.0,-2.0,47.0,14.0,nle.19731.1.ttyrec3.bz2,8.0,0.0,5.0,18.0,43.0,31.0,67133.0,14.0,4.0,10.0,26467.0,1.0,17.0,14.0,10.0
55,23,22.0,54.0,6.0,0.0,561.0,9.0,8221.0,431.0,9.0,0.0,7.0,nle.19732.0.ttyrec3.bz2,14.0,1.0,4.0,16.0,22.0,545.0,9793.0,9.0,4.0,1.0,1735.0,0.0,17.0,18.0,1.0
56,24,102.0,64.0,9.0,0.0,2958.0,127.0,36697.0,4757.0,-6.0,0.0,10.0,nle.19732.1.ttyrec3.bz2,13.0,4.0,2.0,16.0,102.0,0.0,47143.0,18.0,0.0,4.0,19208.0,0.0,16.0,18.0,4.0
57,25,53.0,47.0,6.0,0.0,593.0,25.0,8195.0,470.0,3.0,0.0,14.0,nle.19733.0.ttyrec3.bz2,17.0,0.0,6.0,8.0,53.0,1203.0,12313.0,13.0,0.0,1.0,1895.0,0.0,16.0,12.0,1.0
58,26,51.0,61.0,8.0,0.0,1670.0,28.0,22239.0,2026.0,0.0,0.0,16.0,nle.19733.1.ttyrec3.bz2,8.0,0.0,1.0,17.0,51.0,25.0,55648.0,18.0,0.0,3.0,8249.0,0.0,17.0,9.0,3.0
59,27,63.0,48.0,6.0,0.0,508.0,6.0,14915.0,336.0,6.0,0.0,17.0,nle.19734.0.ttyrec3.bz2,17.0,1.0,6.0,12.0,63.0,13.0,17981.0,15.0,0.0,1.0,2105.0,0.0,15.0,11.0,1.0
60,28,5.0,45.0,4.0,0.0,458.0,24.0,7345.0,80.0,1.0,0.0,5.0,nle.19734.1.ttyrec3.bz2,6.0,45.0,14.0,18.0,5.0,16.0,8611.0,16.0,0.0,1.0,692.0,0.0,17.0,8.0,1.0
61,29,65.0,47.0,7.0,0.0,1280.0,95.0,18907.0,951.0,4.0,0.0,15.0,nle.19735.0.ttyrec3.bz2,16.0,0.0,24.0,10.0,65.0,290.0,22949.0,13.0,0.0,3.0,3904.0,0.0,18.0,9.0,3.0
62,30,28.0,58.0,6.0,0.0,601.0,18.0,6986.0,420.0,3.0,0.0,9.0,nle.19735.1.ttyrec3.bz2,6.0,0.0,0.0,14.0,28.0,0.0,10542.0,17.0,0.0,1.0,1680.0,0.0,18.0,12.0,1.0
63,31,14.0,59.0,6.0,0.0,465.0,0.0,9743.0,345.0,3.0,0.0,9.0,,10.0,0.0,0.0,14.0,14.0,11.0,15700.0,17.0,0.0,1.0,2127.0,0.0,16.0,7.0,1.0
64,0,45.0,61.0,8.0,0.0,4074.0,51.0,28404.0,2450.0,0.0,0.0,15.0,nle.43705.0.ttyrec3.bz2,10.0,0.0,1.0,17.0,45.0,510.0,50410.0,12.0,0.0,7.0,10560.0,0.0,17.0,14.0,7.0
65,1,49.0,57.0,7.0,0.0,600.0,28.0,17392.0,664.0,10.0,0.0,16.0,nle.43705.1.ttyrec3.bz2,16.0,0.0,4.0,12.0,49.0,2001.0,22263.0,12.0,0.0,1.0,2680.0,0.0,17.0,10.0,1.0
66,2,33.0,118.0,11.0,2.0,9674.0,88.0,40672.0,10859.0,1.0,31.0,9.0,nle.43706.0.ttyrec3.bz2,7.0,0.0,3.0,17.0,33.0,1037.0,67213.0,15.0,3.0,11.0,43695.0,0.0,18.0,7.0,11.0
67,3,20.0,38.0,4.0,0.0,432.0,22.0,3598.0,153.0,7.0,0.0,10.0,nle.43706.1.ttyrec3.bz2,8.0,0.0,4.0,18.0,20.0,13.0,5295.0,13.0,3.0,1.0,625.0,0.0,17.0,9.0,1.0
68,4,23.0,55.0,6.0,0.0,497.0,6.0,11169.0,531.0,4.0,0.0,6.0,nle.43707.0.ttyrec3.bz2,14.0,0.0,5.0,15.0,23.0,389.0,15439.0,12.0,0.0,1.0,2135.0,0.0,17.0,15.0,1.0
69,5,137.0,54.0,8.0,0.0,1701.0,99.0,27072.0,1296.0,-4.0,0.0,18.0,nle.43707.1.ttyrec3.bz2,10.0,2.0,55.0,15.0,137.0,462.0,36194.0,16.0,0.0,4.0,10090.0,0.0,16.0,10.0,4.0
70,6,40.0,49.0,7.0,0.0,844.0,4.0,14209.0,1070.0,8.0,0.0,15.0,nle.43708.0.ttyrec3.bz2,8.0,0.0,0.0,14.0,40.0,71.0,28381.0,14.0,0.0,1.0,4361.0,0.0,16.0,18.0,1.0
71,7,17.0,50.0,5.0,0.0,1187.0,13.0,7313.0,319.0,2.0,0.0,6.0,nle.43708.1.ttyrec3.bz2,7.0,7.0,0.0,16.0,17.0,10.0,10115.0,17.0,0.0,2.0,1448.0,0.0,18.0,8.0,1.0
72,8,14.0,41.0,5.0,0.0,400.0,12.0,3750.0,165.0,5.0,0.0,10.0,nle.43709.0.ttyrec3.bz2,8.0,2.0,12.0,13.0,14.0,0.0,5758.0,18.0,0.0,1.0,660.0,0.0,16.0,11.0,1.0
73,9,54.0,97.0,11.0,1.0,10334.0,146.0,59471.0,17353.0,4.0,7.0,12.0,nle.43709.1.ttyrec3.bz2,9.0,0.0,6.0,16.0,54.0,731.0,147899.0,16.0,1.0,11.0,74245.0,0.0,17.0,9.0,10.0
74,10,21.0,47.0,6.0,0.0,695.0,9.0,9961.0,342.0,5.0,0.0,10.0,nle.43710.0.ttyrec3.bz2,9.0,11.0,2.0,13.0,21.0,29.0,13616.0,18.0,0.0,1.0,1397.0,0.0,16.0,9.0,1.0
75,11,24.0,45.0,5.0,0.0,570.0,27.0,8905.0,319.0,3.0,0.0,6.0,nle.43710.1.ttyrec3.bz2,10.0,0.0,13.0,17.0,24.0,18.0,11296.0,13.0,0.0,1.0,1538.0,0.0,17.0,12.0,1.0
76,12,4.0,23.0,2.0,0.0,270.0,0.0,3400.0,39.0,9.0,0.0,8.0,nle.43711.0.ttyrec3.bz2,16.0,4.0,0.0,13.0,4.0,745.0,3697.0,12.0,0.0,1.0,156.0,0.0,14.0,13.0,1.0
77,13,49.0,65.0,9.0,0.0,6580.0,180.0,26693.0,3812.0,-1.0,0.0,10.0,nle.43711.1.ttyrec3.bz2,12.0,0.0,39.0,18.0,49.0,464.0,42601.0,15.0,0.0,7.0,16012.0,0.0,17.0,12.0,6.0
78,14,64.0,46.0,9.0,0.0,5735.0,64.0,30472.0,4698.0,-5.0,0.0,14.0,nle.43712.0.ttyrec3.bz2,8.0,10.0,20.0,17.0,64.0,865.0,40886.0,15.0,0.0,6.0,19907.0,0.0,16.0,14.0,6.0
79,15,58.0,61.0,8.0,0.0,1918.0,88.0,22209.0,1407.0,5.0,0.0,18.0,nle.43712.1.ttyrec3.bz2,12.0,56.0,29.0,11.0,58.0,395.0,41052.0,15.0,0.0,3.0,6123.0,0.0,18.0,15.0,3.0
80,16,91.0,75.0,8.0,0.0,2222.0,50.0,23129.0,1724.0,2.0,0.0,18.0,nle.43713.0.ttyrec3.bz2,11.0,0.0,0.0,15.0,91.0,34.0,36016.0,15.0,0.0,4.0,7090.0,0.0,17.0,13.0,4.0
81,17,15.0,43.0,4.0,0.0,633.0,16.0,2307.0,80.0,3.0,0.0,8.0,nle.43713.1.ttyrec3.bz2,6.0,0.0,5.0,15.0,15.0,7.0,4528.0,18.0,0.0,1.0,475.0,0.0,17.0,8.0,1.0
82,18,15.0,90.0,8.0,0.0,2425.0,41.0,22829.0,1950.0,4.0,0.0,10.0,nle.43714.0.ttyrec3.bz2,9.0,7.0,0.0,15.0,15.0,104.0,131892.0,17.0,0.0,5.0,8104.0,0.0,19.0,7.0,5.0
83,19,51.0,66.0,10.0,0.0,5308.0,54.0,31831.0,5241.0,-5.0,0.0,15.0,nle.43714.1.ttyrec3.bz2,8.0,3.0,2.0,17.0,51.0,2473.0,48233.0,15.0,0.0,7.0,23747.0,0.0,16.0,13.0,7.0
84,20,24.0,67.0,8.0,0.0,3002.0,65.0,21797.0,2083.0,3.0,0.0,9.0,nle.43715.0.ttyrec3.bz2,8.0,0.0,7.0,15.0,24.0,269.0,32197.0,17.0,0.0,5.0,8811.0,0.0,18.0,10.0,5.0
85,21,45.0,39.0,5.0,0.0,265.0,0.0,17587.0,319.0,3.0,0.0,10.0,nle.43715.1.ttyrec3.bz2,18.0,0.0,0.0,15.0,45.0,9.0,20416.0,9.0,0.0,1.0,1497.0,0.0,15.0,7.0,1.0
86,22,25.0,63.0,6.0,0.0,651.0,8.0,13672.0,639.0,10.0,0.0,9.0,nle.43716.0.ttyrec3.bz2,16.0,2.0,1.0,12.0,25.0,594.0,16350.0,13.0,0.0,1.0,2570.0,0.0,18.0,11.0,1.0
87,23,18.0,52.0,6.0,0.0,599.0,76.0,19678.0,639.0,-1.0,0.0,8.0,nle.43716.1.ttyrec3.bz2,6.0,0.0,15.0,15.0,18.0,62.0,28679.0,16.0,0.0,1.0,5188.0,0.0,18.0,12.0,1.0
88,24,15.0,18.0,2.0,0.0,775.0,3.0,1412.0,39.0,3.0,0.0,6.0,nle.43717.0.ttyrec3.bz2,11.0,0.0,3.0,14.0,15.0,3.0,2413.0,13.0,0.0,1.0,199.0,0.0,14.0,18.0,1.0
89,25,31.0,37.0,6.0,0.0,679.0,83.0,10840.0,558.0,10.0,0.0,17.0,nle.43717.1.ttyrec3.bz2,8.0,0.0,0.0,16.0,31.0,20.0,22098.0,10.0,0.0,1.0,2252.0,0.0,16.0,16.0,1.0
90,26,27.0,79.0,9.0,0.0,3024.0,54.0,21686.0,2785.0,0.0,0.0,7.0,nle.43718.0.ttyrec3.bz2,8.0,0.0,4.0,17.0,27.0,121.0,36834.0,18.0,0.0,5.0,11471.0,0.0,18.0,4.0,5.0
91,27,17.0,70.0,7.0,0.0,393.0,115.0,13367.0,747.0,0.0,0.0,8.0,nle.43718.1.ttyrec3.bz2,9.0,3.0,73.0,22.0,17.0,71.0,15717.0,12.0,0.0,1.0,3079.0,0.0,18.0,8.0,1.0
92,28,28.0,51.0,6.0,0.0,626.0,6.0,12710.0,521.0,7.0,0.0,16.0,nle.43719.0.ttyrec3.bz2,10.0,0.0,3.0,11.0,28.0,6.0,22809.0,10.0,0.0,1.0,2100.0,0.0,16.0,16.0,1.0
93,29,43.0,41.0,7.0,0.0,1018.0,14.0,15801.0,673.0,6.0,0.0,17.0,nle.43719.1.ttyrec3.bz2,11.0,0.0,2.0,13.0,43.0,14.0,25923.0,10.0,0.0,2.0,2776.0,0.0,16.0,16.0,1.0
94,30,60.0,103.0,11.0,4.0,12251.0,218.0,44211.0,14802.0,2.0,47.0,9.0,nle.43720.0.ttyrec3.bz2,10.0,0.0,6.0,17.0,60.0,818.0,93309.0,17.0,4.0,11.0,60536.0,1.0,18.0,10.0,11.0
95,31,74.0,45.0,5.0,0.0,9.0,0.0,5640.0,176.0,1.0,0.0,16.0,nle.43720.1.ttyrec3.bz2,10.0,0.0,0.0,14.0,74.0,6.0,6410.0,10.0,4.0,1.0,710.0,0.0,14.0,14.0,1.0
96,0,22.0,47.0,6.0,0.0,687.0,33.0,9586.0,418.0,8.0,0.0,14.0,nle.50220.0.ttyrec3.bz2,12.0,0.0,10.0,13.0,22.0,9.0,17318.0,10.0,0.0,1.0,1681.0,0.0,15.0,16.0,1.0
97,1,22.0,78.0,7.0,0.0,683.0,22.0,20287.0,883.0,1.0,0.0,10.0,nle.50220.1.ttyrec3.bz2,14.0,0.0,10.0,13.0,22.0,0.0,24352.0,14.0,0.0,1.0,3532.0,0.0,18.0,10.0,1.0
98,2,50.0,31.0,4.0,0.0,610.0,5.0,1833.0,84.0,9.0,0.0,11.0,nle.50221.0.ttyrec3.bz2,10.0,0.0,4.0,10.0,50.0,13.0,3245.0,13.0,0.0,1.0,365.0,0.0,15.0,17.0,1.0
99,3,29.0,39.0,5.0,0.0,695.0,13.0,12650.0,319.0,8.0,0.0,16.0,nle.50221.1.ttyrec3.bz2,16.0,0.0,4.0,11.0,29.0,1358.0,15001.0,15.0,0.0,1.0,2084.0,0.0,16.0,11.0,1.0
100,4,126.0,72.0,10.0,0.0,2944.0,173.0,46226.0,5385.0,0.0,0.0,20.0,nle.50222.0.ttyrec3.bz2,8.0,0.0,17.0,15.0,126.0,301.0,75479.0,18.0,0.0,4.0,21991.0,0.0,16.0,8.0,4.0
101,5,9.0,37.0,5.0,0.0,667.0,19.0,15009.0,319.0,7.0,0.0,7.0,nle.50222.1.ttyrec3.bz2,7.0,2.0,11.0,17.0,9.0,25.0,17550.0,18.0,0.0,1.0,2485.0,0.0,18.0,7.0,1.0
102,6,28.0,80.0,8.0,0.0,1829.0,93.0,19927.0,1307.0,3.0,0.0,7.0,nle.50223.0.ttyrec3.bz2,7.0,0.0,4.0,17.0,28.0,149.0,32370.0,15.0,0.0,3.0,8467.0,0.0,18.0,10.0,3.0
103,7,29.0,56.0,7.0,0.0,660.0,85.0,13539.0,645.0,4.0,0.0,10.0,nle.50223.1.ttyrec3.bz2,7.0,1.0,20.0,17.0,29.0,16.0,19604.0,16.0,0.0,1.0,3516.0,0.0,18.0,8.0,1.0
104,8,23.0,71.0,8.0,0.0,1929.0,25.0,18317.0,1281.0,-2.0,0.0,6.0,nle.50224.0.ttyrec3.bz2,8.0,0.0,0.0,15.0,23.0,46.0,29011.0,17.0,0.0,3.0,7568.0,0.0,18.0,9.0,3.0
105,9,18.0,12.0,7.0,0.0,416.0,95.0,20732.0,1031.0,6.0,0.0,8.0,nle.50224.1.ttyrec3.bz2,10.0,12.0,56.0,10.0,18.0,74.0,28835.0,18.0,0.0,1.0,4198.0,0.0,17.0,11.0,1.0
106,10,22.0,61.0,6.0,0.0,496.0,34.0,13608.0,328.0,2.0,0.0,7.0,nle.50225.0.ttyrec3.bz2,8.0,3.0,10.0,17.0,22.0,10.0,15161.0,15.0,0.0,1.0,2470.0,0.0,18.0,10.0,1.0
107,11,2.0,15.0,1.0,0.0,338.0,0.0,0.0,4.0,7.0,0.0,15.0,nle.50225.1.ttyrec3.bz2,12.0,0.0,0.0,15.0,2.0,3.0,624.0,12.0,0.0,1.0,19.0,0.0,12.0,9.0,1.0
108,12,49.0,76.0,9.0,0.0,4336.0,158.0,25504.0,3209.0,-3.0,0.0,14.0,nle.50226.0.ttyrec3.bz2,10.0,0.0,12.0,17.0,49.0,314.0,45267.0,16.0,0.0,5.0,13350.0,0.0,17.0,9.0,3.0
109,13,7.0,11.0,1.0,0.0,536.0,3.0,447.0,18.0,8.0,0.0,12.0,nle.50226.1.ttyrec3.bz2,8.0,0.0,1.0,11.0,7.0,8.0,1545.0,10.0,0.0,1.0,80.0,0.0,16.0,20.0,1.0
110,14,139.0,62.0,8.0,0.0,1877.0,63.0,26166.0,1623.0,2.0,0.0,20.0,nle.50227.0.ttyrec3.bz2,9.0,0.0,14.0,15.0,139.0,149.0,33807.0,14.0,0.0,4.0,6791.0,0.0,16.0,11.0,4.0
111,15,36.0,27.0,4.0,0.0,471.0,7.0,3358.0,118.0,5.0,0.0,9.0,nle.50227.1.ttyrec3.bz2,13.0,2.0,3.0,14.0,36.0,21.0,4585.0,9.0,0.0,1.0,493.0,0.0,13.0,19.0,1.0
112,16,30.0,82.0,8.0,0.0,3598.0,50.0,21938.0,2064.0,8.0,0.0,8.0,nle.50228.0.ttyrec3.bz2,7.0,0.0,0.0,15.0,30.0,267.0,30284.0,16.0,0.0,5.0,8723.0,0.0,18.0,10.0,4.0
113,17,32.0,48.0,7.0,0.0,563.0,15.0,18439.0,952.0,6.0,0.0,10.0,nle.50228.1.ttyrec3.bz2,9.0,0.0,10.0,14.0,32.0,36.0,25848.0,17.0,0.0,1.0,3844.0,0.0,18.0,11.0,1.0
114,18,24.0,52.0,6.0,0.0,532.0,31.0,8942.0,444.0,3.0,0.0,8.0,nle.50229.0.ttyrec3.bz2,8.0,0.0,0.0,15.0,24.0,15.0,14939.0,17.0,0.0,1.0,1801.0,0.0,18.0,9.0,1.0
115,19,69.0,65.0,9.0,0.0,1960.0,96.0,23317.0,3168.0,0.0,0.0,16.0,nle.50229.1.ttyrec3.bz2,12.0,0.0,0.0,29.0,69.0,253.0,58915.0,18.0,0.0,3.0,13065.0,0.0,17.0,8.0,3.0
116,20,23.0,58.0,6.0,0.0,580.0,75.0,10248.0,364.0,8.0,0.0,9.0,nle.50230.0.ttyrec3.bz2,14.0,0.0,17.0,13.0,23.0,313.0,11903.0,15.0,0.0,1.0,1459.0,0.0,18.0,14.0,1.0
117,21,35.0,44.0,6.0,0.0,541.0,4.0,10478.0,328.0,8.0,0.0,16.0,nle.50230.1.ttyrec3.bz2,11.0,0.0,2.0,13.0,35.0,13.0,17500.0,11.0,0.0,1.0,1885.0,0.0,15.0,18.0,1.0
118,22,43.0,52.0,8.0,0.0,2965.0,40.0,22252.0,2473.0,5.0,0.0,14.0,nle.50231.0.ttyrec3.bz2,10.0,0.0,3.0,17.0,43.0,62.0,33301.0,13.0,0.0,5.0,10154.0,0.0,16.0,13.0,5.0
119,23,43.0,107.0,12.0,2.0,13489.0,372.0,57482.0,20057.0,3.0,29.0,11.0,nle.50231.1.ttyrec3.bz2,8.0,0.0,25.0,18.0,43.0,281.0,121735.0,17.0,3.0,10.0,77361.0,0.0,18.0,9.0,6.0
120,24,19.0,48.0,5.0,0.0,530.0,67.0,9178.0,293.0,9.0,0.0,8.0,nle.50232.0.ttyrec3.bz2,17.0,3.0,13.0,12.0,19.0,34.0,10187.0,12.0,0.0,1.0,1178.0,0.0,18.0,12.0,1.0
121,25,28.0,56.0,8.0,0.0,2688.0,142.0,22604.0,2129.0,3.0,0.0,10.0,nle.50232.1.ttyrec3.bz2,9.0,0.0,26.0,22.0,28.0,167.0,33763.0,17.0,0.0,5.0,8903.0,0.0,18.0,7.0,5.0
122,26,32.0,42.0,6.0,0.0,575.0,25.0,8015.0,389.0,8.0,0.0,16.0,nle.50233.0.ttyrec3.bz2,7.0,0.0,0.0,14.0,32.0,9.0,17051.0,12.0,0.0,1.0,1575.0,0.0,14.0,18.0,1.0
123,27,24.0,115.0,10.0,0.0,5031.0,42.0,33152.0,7137.0,10.0,0.0,8.0,nle.50233.1.ttyrec3.bz2,7.0,0.0,8.0,29.0,24.0,293.0,57368.0,16.0,0.0,7.0,29291.0,0.0,19.0,4.0,7.0
124,28,23.0,36.0,5.0,0.0,456.0,19.0,9549.0,319.0,4.0,0.0,11.0,nle.50234.0.ttyrec3.bz2,8.0,0.0,6.0,15.0,23.0,3.0,12540.0,10.0,0.0,1.0,2509.0,0.0,16.0,14.0,1.0
125,29,26.0,21.0,3.0,0.0,446.0,0.0,1262.0,71.0,7.0,0.0,14.0,nle.50234.1.ttyrec3.bz2,17.0,1.0,0.0,8.0,26.0,1745.0,2669.0,12.0,0.0,1.0,307.0,0.0,15.0,10.0,1.0
126,30,49.0,46.0,8.0,0.0,2261.0,63.0,23570.0,1724.0,-2.0,0.0,14.0,nle.50235.0.ttyrec3.bz2,8.0,0.0,8.0,18.0,49.0,8.0,27236.0,13.0,0.0,5.0,7114.0,0.0,16.0,14.0,5.0
127,31,34.0,61.0,7.0,0.0,556.0,23.0,13522.0,655.0,3.0,0.0,8.0,nle.50235.1.ttyrec3.bz2,6.0,1.0,0.0,15.0,34.0,20.0,19635.0,16.0,0.0,1.0,3432.0,0.0,16.0,11.0,1.0
128,0,37.0,44.0,6.0,0.0,508.0,36.0,12234.0,639.0,6.0,0.0,13.0,nle.23801.0.ttyrec3.bz2,9.0,5.0,12.0,14.0,37.0,13.0,14402.0,10.0,0.0,1.0,2597.0,0.0,16.0,14.0,1.0
129,1,26.0,91.0,9.0,0.0,6612.0,38.0,27280.0,4425.0,-3.0,0.0,12.0,nle.23801.1.ttyrec3.bz2,7.0,0.0,2.0,20.0,26.0,3017.0,42949.0,14.0,0.0,8.0,21077.0,0.0,18.0,8.0,8.0
130,2,4.0,31.0,2.0,0.0,516.0,2.0,5724.0,39.0,5.0,0.0,5.0,nle.23802.0.ttyrec3.bz2,8.0,31.0,0.0,19.0,4.0,8.0,6500.0,13.0,0.0,1.0,572.0,0.0,20.0,8.0,1.0
131,3,77.0,53.0,8.0,0.0,2352.0,35.0,18108.0,1909.0,2.0,0.0,18.0,nle.23802.1.ttyrec3.bz2,17.0,0.0,3.0,18.0,77.0,54.0,32903.0,15.0,0.0,5.0,7910.0,0.0,18.0,8.0,5.0
132,4,116.0,76.0,10.0,0.0,4978.0,99.0,39124.0,7340.0,1.0,0.0,12.0,nle.23803.0.ttyrec3.bz2,11.0,0.0,3.0,14.0,116.0,366.0,56748.0,13.0,0.0,6.0,24846.0,0.0,18.0,17.0,6.0
133,5,13.0,38.0,4.0,0.0,531.0,3.0,4080.0,107.0,6.0,0.0,11.0,nle.23803.1.ttyrec3.bz2,7.0,38.0,2.0,14.0,13.0,10.0,4757.0,18.0,0.0,1.0,438.0,0.0,16.0,10.0,1.0
134,6,18.0,39.0,4.0,0.0,401.0,2.0,7014.0,85.0,3.0,0.0,10.0,nle.23804.0.ttyrec3.bz2,7.0,6.0,0.0,16.0,18.0,9.0,10736.0,14.0,0.0,1.0,671.0,0.0,18.0,9.0,1.0
135,7,39.0,37.0,5.0,0.0,569.0,32.0,13848.0,319.0,2.0,0.0,7.0,nle.23804.1.ttyrec3.bz2,12.0,37.0,20.0,10.0,39.0,8.0,19447.0,17.0,0.0,1.0,2126.0,0.0,15.0,16.0,1.0
136,8,32.0,45.0,7.0,0.0,584.0,36.0,21478.0,1142.0,11.0,0.0,10.0,nle.23805.0.ttyrec3.bz2,14.0,6.0,9.0,10.0,32.0,230.0,25219.0,13.0,0.0,1.0,4568.0,0.0,16.0,17.0,1.0
137,9,9.0,73.0,6.0,0.0,459.0,25.0,10316.0,459.0,5.0,0.0,11.0,nle.23805.1.ttyrec3.bz2,8.0,0.0,0.0,14.0,9.0,0.0,20380.0,15.0,0.0,1.0,1836.0,0.0,20.0,8.0,1.0
138,10,21.0,49.0,5.0,0.0,362.0,39.0,4854.0,226.0,4.0,0.0,8.0,nle.23806.0.ttyrec3.bz2,7.0,0.0,10.0,17.0,21.0,6.0,8095.0,17.0,0.0,1.0,910.0,0.0,18.0,8.0,1.0
139,11,11.0,98.0,8.0,0.0,3168.0,9.0,21051.0,1719.0,5.0,0.0,9.0,nle.23806.1.ttyrec3.bz2,7.0,2.0,0.0,16.0,11.0,79.0,82823.0,18.0,0.0,5.0,7165.0,0.0,19.0,9.0,5.0
140,12,7.0,51.0,5.0,0.0,820.0,13.0,18396.0,319.0,5.0,0.0,12.0,nle.23807.0.ttyrec3.bz2,10.0,51.0,3.0,13.0,7.0,29.0,166516.0,13.0,0.0,2.0,1555.0,0.0,16.0,16.0,2.0
141,13,69.0,59.0,8.0,0.0,3375.0,66.0,16635.0,1780.0,1.0,0.0,16.0,nle.23807.1.ttyrec3.bz2,18.0,0.0,9.0,16.0,69.0,12.0,25637.0,11.0,0.0,5.0,7864.0,0.0,17.0,9.0,5.0
142,14,58.0,63.0,7.0,0.0,889.0,38.0,21959.0,1174.0,4.0,0.0,18.0,nle.23808.0.ttyrec3.bz2,17.0,0.0,1.0,14.0,58.0,65.0,29324.0,15.0,0.0,1.0,4706.0,0.0,18.0,8.0,1.0
143,15,32.0,43.0,6.0,0.0,548.0,49.0,12038.0,574.0,3.0,0.0,9.0,nle.23808.1.ttyrec3.bz2,10.0,0.0,5.0,21.0,32.0,8.0,16655.0,13.0,0.0,1.0,2304.0,0.0,17.0,8.0,1.0
144,16,2.0,16.0,1.0,0.0,162.0,0.0,0.0,0.0,7.0,0.0,8.0,nle.23809.0.ttyrec3.bz2,8.0,1.0,0.0,20.0,2.0,0.0,96.0,16.0,0.0,1.0,0.0,0.0,18.0,7.0,1.0
145,17,45.0,53.0,8.0,0.0,2859.0,66.0,20005.0,1987.0,5.0,0.0,11.0,nle.23809.1.ttyrec3.bz2,11.0,0.0,8.0,9.0,45.0,46.0,42122.0,16.0,0.0,5.0,8194.0,0.0,18.0,16.0,5.0
146,18,81.0,71.0,8.0,0.0,2750.0,36.0,20715.0,2371.0,-1.0,0.0,15.0,nle.23810.0.ttyrec3.bz2,17.0,0.0,0.0,16.0,81.0,193.0,30378.0,13.0,0.0,4.0,9827.0,0.0,17.0,8.0,4.0
147,19,198.0,83.0,11.0,0.0,4587.0,105.0,47590.0,11288.0,-1.0,0.0,18.0,nle.23810.1.ttyrec3.bz2,10.0,67.0,3.0,16.0,198.0,35.0,64827.0,16.0,0.0,7.0,42309.0,0.0,16.0,12.0,7.0
148,20,47.0,43.0,6.0,0.0,525.0,88.0,17202.0,546.0,10.0,0.0,15.0,nle.23811.0.ttyrec3.bz2,18.0,0.0,23.0,11.0,47.0,1753.0,21291.0,13.0,0.0,1.0,2207.0,0.0,17.0,9.0,1.0
149,21,16.0,17.0,2.0,0.0,471.0,0.0,68.0,21.0,9.0,0.0,8.0,nle.23811.1.ttyrec3.bz2,10.0,0.0,0.0,9.0,16.0,0.0,1251.0,13.0,0.0,1.0,84.0,0.0,16.0,18.0,1.0
150,22,24.0,71.0,7.0,0.0,472.0,47.0,15931.0,689.0,8.0,0.0,15.0,nle.23812.0.ttyrec3.bz2,9.0,0.0,6.0,13.0,24.0,76.0,32887.0,13.0,0.0,1.0,3594.0,0.0,17.0,15.0,1.0
151,23,30.0,125.0,11.0,0.0,9712.0,193.0,37318.0,10047.0,3.0,5.0,7.0,nle.23812.1.ttyrec3.bz2,6.0,0.0,0.0,17.0,30.0,0.0,63163.0,16.0,1.0,9.0,40558.0,0.0,18.0,7.0,9.0
152,24,72.0,67.0,7.0,0.0,529.0,58.0,25779.0,1225.0,4.0,0.0,13.0,nle.23813.0.ttyrec3.bz2,9.0,0.0,27.0,10.0,72.0,83.0,34548.0,15.0,0.0,1.0,4993.0,0.0,18.0,16.0,1.0
153,25,13.0,76.0,7.0,0.0,495.0,21.0,13906.0,1009.0,1.0,0.0,10.0,nle.23814.0.ttyrec3.bz2,9.0,76.0,2.0,23.0,13.0,35.0,18344.0,13.0,0.0,1.0,4071.0,0.0,17.0,8.0,1.0
154,26,52.0,59.0,9.0,0.0,4221.0,119.0,30809.0,4239.0,-1.0,0.0,16.0,nle.23814.1.ttyrec3.bz2,9.0,6.0,2.0,14.0,52.0,0.0,72160.0,15.0,0.0,7.0,17266.0,0.0,16.0,18.0,7.0
155,27,27.0,41.0,4.0,0.0,1879.0,10.0,2469.0,88.0,10.0,0.0,17.0,nle.23815.0.ttyrec3.bz2,16.0,0.0,0.0,10.0,27.0,1137.0,5980.0,8.0,0.0,4.0,591.0,0.0,17.0,10.0,4.0
156,28,17.0,80.0,7.0,0.0,646.0,80.0,20733.0,1174.0,4.0,0.0,9.0,nle.23815.1.ttyrec3.bz2,7.0,80.0,30.0,18.0,17.0,18.0,25754.0,16.0,0.0,1.0,4714.0,0.0,18.0,7.0,1.0
157,29,128.0,54.0,7.0,0.0,638.0,61.0,19484.0,996.0,-1.0,0.0,17.0,nle.23816.0.ttyrec3.bz2,10.0,0.0,23.0,14.0,128.0,2.0,23913.0,17.0,0.0,1.0,3996.0,0.0,16.0,9.0,1.0
158,30,24.0,98.0,10.0,0.0,6366.0,44.0,22834.0,5542.0,4.0,0.0,9.0,nle.23816.1.ttyrec3.bz2,8.0,0.0,0.0,17.0,24.0,189.0,39429.0,17.0,0.0,6.0,22677.0,0.0,18.0,8.0,3.0
159,31,40.0,68.0,8.0,0.0,3275.0,355.0,32252.0,2512.0,3.0,0.0,14.0,,7.0,0.0,24.0,14.0,40.0,32.0,62765.0,15.0,0.0,5.0,10280.0,0.0,18.0,16.0,5.0
160,0,11.0,35.0,4.0,0.0,593.0,2.0,9187.0,159.0,6.0,0.0,10.0,nle.31037.0.ttyrec3.bz2,8.0,18.0,0.0,16.0,11.0,5.0,11487.0,11.0,0.0,1.0,1437.0,0.0,17.0,14.0,1.0
161,1,11.0,30.0,3.0,0.0,507.0,22.0,3046.0,44.0,4.0,0.0,5.0,nle.31037.1.ttyrec3.bz2,7.0,0.0,4.0,14.0,11.0,7.0,5010.0,18.0,0.0,1.0,427.0,0.0,16.0,10.0,1.0
162,2,2.0,15.0,1.0,0.0,508.0,0.0,211.0,7.0,4.0,0.0,8.0,nle.31038.0.ttyrec3.bz2,8.0,0.0,0.0,15.0,2.0,25.0,648.0,15.0,0.0,1.0,53.0,0.0,18.0,11.0,1.0
163,3,13.0,39.0,3.0,0.0,582.0,5.0,2580.0,68.0,8.0,0.0,17.0,nle.31038.1.ttyrec3.bz2,16.0,0.0,2.0,10.0,13.0,1506.0,3158.0,8.0,0.0,1.0,277.0,0.0,15.0,11.0,1.0
164,4,38.0,95.0,9.0,0.0,5856.0,56.0,20444.0,4505.0,-3.0,0.0,9.0,nle.31039.0.ttyrec3.bz2,6.0,0.0,0.0,20.0,38.0,2849.0,47528.0,13.0,0.0,6.0,21079.0,0.0,18.0,10.0,3.0
165,5,36.0,81.0,9.0,0.0,7064.0,157.0,28068.0,5059.0,4.0,0.0,9.0,nle.31039.1.ttyrec3.bz2,7.0,0.0,0.0,15.0,36.0,272.0,50801.0,17.0,0.0,8.0,20958.0,0.0,18.0,10.0,8.0
166,6,21.0,66.0,7.0,0.0,471.0,17.0,12899.0,788.0,6.0,0.0,9.0,nle.31040.0.ttyrec3.bz2,7.0,7.0,1.0,18.0,21.0,8.0,15494.0,16.0,0.0,1.0,3170.0,0.0,18.0,9.0,1.0
167,7,54.0,47.0,7.0,0.0,715.0,39.0,24803.0,1147.0,-4.0,0.0,18.0,nle.31040.1.ttyrec3.bz2,17.0,47.0,17.0,13.0,54.0,0.0,31408.0,15.0,0.0,1.0,4588.0,0.0,18.0,8.0,1.0
168,8,74.0,70.0,8.0,0.0,2790.0,61.0,18160.0,1946.0,0.0,0.0,8.0,nle.31041.0.ttyrec3.bz2,11.0,0.0,0.0,14.0,74.0,49.0,29552.0,14.0,0.0,4.0,7983.0,0.0,16.0,20.0,4.0
169,9,26.0,57.0,7.0,0.0,1336.0,87.0,24691.0,1279.0,-1.0,0.0,8.0,nle.31041.1.ttyrec3.bz2,12.0,0.0,21.0,19.0,26.0,115.0,34486.0,18.0,0.0,3.0,8875.0,0.0,17.0,13.0,3.0
170,10,39.0,47.0,5.0,0.0,568.0,30.0,8369.0,160.0,13.0,0.0,12.0,nle.31042.0.ttyrec3.bz2,8.0,0.0,14.0,9.0,39.0,8.0,10526.0,13.0,0.0,1.0,784.0,0.0,18.0,19.0,1.0
171,11,32.0,110.0,12.0,3.0,12652.0,157.0,51444.0,22268.0,-1.0,45.0,7.0,nle.31042.1.ttyrec3.bz2,6.0,0.0,0.0,17.0,32.0,1047.0,110350.0,16.0,4.0,14.0,90599.0,1.0,18.0,8.0,9.0
172,12,25.0,36.0,5.0,0.0,521.0,1.0,7737.0,243.0,10.0,0.0,14.0,nle.31043.0.ttyrec3.bz2,9.0,2.0,0.0,12.0,25.0,7.0,12559.0,13.0,0.0,1.0,979.0,0.0,14.0,15.0,1.0
173,13,106.0,36.0,6.0,0.0,628.0,2.0,9448.0,411.0,6.0,0.0,17.0,nle.31043.1.ttyrec3.bz2,10.0,0.0,0.0,14.0,106.0,0.0,12183.0,15.0,0.0,1.0,1654.0,0.0,16.0,9.0,1.0
174,14,29.0,37.0,6.0,0.0,585.0,19.0,8749.0,384.0,3.0,0.0,14.0,nle.31044.0.ttyrec3.bz2,9.0,0.0,0.0,15.0,29.0,8.0,13557.0,14.0,0.0,1.0,1544.0,0.0,16.0,11.0,1.0
175,15,30.0,80.0,9.0,0.0,4653.0,125.0,36045.0,3031.0,0.0,0.0,14.0,nle.31044.1.ttyrec3.bz2,11.0,0.0,3.0,16.0,30.0,158.0,120292.0,15.0,0.0,5.0,15032.0,0.0,18.0,16.0,5.0
176,16,32.0,67.0,8.0,0.0,2335.0,79.0,26994.0,2389.0,-3.0,0.0,14.0,nle.31045.0.ttyrec3.bz2,10.0,4.0,28.0,16.0,32.0,298.0,44543.0,16.0,0.0,5.0,10074.0,0.0,18.0,16.0,5.0
177,17,27.0,62.0,8.0,0.0,1254.0,46.0,21431.0,1362.0,3.0,0.0,12.0,nle.31045.1.ttyrec3.bz2,12.0,0.0,10.0,13.0,27.0,96.0,36376.0,15.0,0.0,2.0,5604.0,0.0,17.0,13.0,2.0
178,18,97.0,64.0,8.0,0.0,1255.0,71.0,18328.0,1591.0,0.0,0.0,18.0,nle.31046.0.ttyrec3.bz2,18.0,2.0,0.0,13.0,97.0,3744.0,25286.0,12.0,0.0,3.0,10208.0,0.0,16.0,7.0,2.0
179,19,25.0,79.0,9.0,0.0,4293.0,75.0,24772.0,3587.0,-3.0,0.0,11.0,nle.31046.1.ttyrec3.bz2,7.0,0.0,0.0,17.0,25.0,122.0,44034.0,18.0,0.0,5.0,14670.0,0.0,17.0,11.0,5.0
180,20,25.0,57.0,8.0,0.0,2422.0,23.0,24477.0,2238.0,-1.0,0.0,13.0,nle.31047.0.ttyrec3.bz2,10.0,6.0,3.0,15.0,25.0,185.0,35056.0,18.0,0.0,5.0,9347.0,0.0,18.0,10.0,5.0
181,21,64.0,59.0,8.0,0.0,1190.0,34.0,16662.0,1324.0,2.0,0.0,18.0,nle.31047.1.ttyrec3.bz2,11.0,0.0,0.0,9.0,64.0,13.0,37815.0,15.0,0.0,3.0,5419.0,0.0,18.0,13.0,3.0
182,22,153.0,72.0,9.0,0.0,2909.0,44.0,22350.0,3246.0,3.0,0.0,18.0,nle.31048.0.ttyrec3.bz2,10.0,0.0,0.0,12.0,153.0,28.0,34319.0,15.0,0.0,4.0,13272.0,0.0,16.0,14.0,4.0
183,23,18.0,86.0,10.0,0.0,7425.0,90.0,34460.0,7102.0,4.0,0.0,7.0,nle.31048.1.ttyrec3.bz2,6.0,0.0,14.0,18.0,18.0,414.0,63992.0,17.0,0.0,8.0,29172.0,0.0,18.0,9.0,8.0
184,24,31.0,47.0,6.0,0.0,918.0,62.0,6466.0,323.0,4.0,0.0,16.0,nle.31049.0.ttyrec3.bz2,11.0,0.0,3.0,13.0,31.0,41.0,16416.0,11.0,0.0,2.0,1433.0,0.0,15.0,14.0,2.0
185,25,19.0,36.0,5.0,0.0,563.0,15.0,9002.0,304.0,5.0,0.0,9.0,nle.31049.1.ttyrec3.bz2,11.0,36.0,2.0,14.0,19.0,17.0,10894.0,16.0,0.0,1.0,1233.0,0.0,17.0,9.0,1.0
186,26,15.0,34.0,4.0,0.0,543.0,1.0,4426.0,102.0,10.0,0.0,11.0,nle.31050.0.ttyrec3.bz2,17.0,0.0,0.0,11.0,15.0,600.0,5082.0,12.0,0.0,1.0,420.0,0.0,16.0,14.0,1.0
187,27,25.0,55.0,6.0,0.0,4723.0,116.0,31105.0,639.0,0.0,0.0,9.0,nle.31050.1.ttyrec3.bz2,8.0,0.0,18.0,18.0,25.0,7.0,50853.0,17.0,0.0,6.0,22835.0,0.0,17.0,7.0,6.0
188,28,35.0,55.0,8.0,0.0,599.0,27.0,30473.0,2194.0,0.0,0.0,13.0,nle.31051.0.ttyrec3.bz2,9.0,0.0,14.0,14.0,35.0,247.0,43586.0,18.0,0.0,1.0,9033.0,0.0,18.0,9.0,1.0
189,29,21.0,42.0,6.0,0.0,452.0,3.0,13956.0,332.0,7.0,0.0,10.0,nle.31051.1.ttyrec3.bz2,7.0,42.0,0.0,19.0,21.0,4.0,18011.0,16.0,0.0,1.0,2754.0,0.0,18.0,7.0,1.0
190,30,26.0,34.0,5.0,0.0,408.0,18.0,6594.0,291.0,9.0,0.0,16.0,nle.31052.0.ttyrec3.bz2,9.0,0.0,12.0,11.0,26.0,0.0,13673.0,13.0,0.0,1.0,1174.0,0.0,16.0,15.0,1.0
191,31,78.0,64.0,9.0,0.0,5226.0,54.0,23651.0,3628.0,3.0,0.0,16.0,nle.31052.1.ttyrec3.bz2,17.0,64.0,2.0,34.0,78.0,333.0,39695.0,12.0,0.0,6.0,15095.0,0.0,17.0,7.0,6.0
192,0,21.0,64.0,8.0,0.0,2370.0,44.0,20376.0,1836.0,2.0,0.0,11.0,nle.52147.0.ttyrec3.bz2,9.0,0.0,0.0,15.0,21.0,218.0,29765.0,18.0,0.0,4.0,7712.0,0.0,17.0,9.0,4.0
193,1,19.0,31.0,4.0,0.0,627.0,36.0,8730.0,83.0,7.0,0.0,10.0,nle.52147.1.ttyrec3.bz2,11.0,0.0,28.0,13.0,19.0,6.0,13658.0,11.0,0.0,1.0,1022.0,0.0,17.0,14.0,1.0
194,2,13.0,68.0,6.0,0.0,507.0,18.0,6539.0,377.0,6.0,0.0,7.0,nle.52149.0.ttyrec3.bz2,8.0,0.0,1.0,17.0,13.0,11.0,7790.0,18.0,0.0,1.0,1519.0,0.0,18.0,5.0,1.0
195,3,2.0,14.0,1.0,0.0,518.0,2.0,431.0,15.0,10.0,0.0,11.0,nle.52149.1.ttyrec3.bz2,14.0,0.0,0.0,11.0,2.0,302.0,1039.0,11.0,0.0,1.0,62.0,0.0,17.0,12.0,1.0
196,4,22.0,89.0,10.0,0.0,8364.0,212.0,26814.0,5869.0,-2.0,0.0,9.0,nle.52151.0.ttyrec3.bz2,6.0,89.0,2.0,20.0,22.0,682.0,44290.0,16.0,0.0,8.0,24688.0,0.0,17.0,7.0,8.0
197,5,39.0,94.0,10.0,0.0,4793.0,158.0,31417.0,6288.0,-2.0,0.0,9.0,nle.52151.1.ttyrec3.bz2,10.0,0.0,0.0,17.0,39.0,603.0,52466.0,17.0,0.0,7.0,26065.0,0.0,18.0,10.0,5.0
198,6,2.0,13.0,1.0,0.0,481.0,0.0,239.0,16.0,9.0,0.0,15.0,nle.52156.0.ttyrec3.bz2,9.0,0.0,0.0,14.0,2.0,5.0,857.0,10.0,0.0,1.0,69.0,0.0,12.0,15.0,1.0
199,7,37.0,44.0,6.0,0.0,601.0,52.0,13315.0,325.0,3.0,0.0,12.0,nle.52156.1.ttyrec3.bz2,13.0,0.0,15.0,14.0,37.0,14.0,19861.0,13.0,0.0,1.0,2414.0,0.0,16.0,11.0,1.0
200,8,11.0,48.0,5.0,0.0,659.0,3.0,5352.0,163.0,7.0,0.0,6.0,nle.52157.0.ttyrec3.bz2,7.0,0.0,2.0,30.0,11.0,14.0,6700.0,16.0,0.0,1.0,926.0,0.0,17.0,7.0,1.0
201,9,39.0,63.0,8.0,0.0,3070.0,55.0,25625.0,2487.0,-2.0,0.0,13.0,nle.52157.1.ttyrec3.bz2,8.0,0.0,4.0,16.0,39.0,92.0,32338.0,14.0,0.0,5.0,10250.0,0.0,18.0,14.0,5.0
202,10,5.0,26.0,3.0,0.0,522.0,7.0,3834.0,79.0,7.0,0.0,10.0,nle.52158.0.ttyrec3.bz2,8.0,0.0,2.0,20.0,5.0,11.0,5075.0,13.0,0.0,1.0,491.0,0.0,14.0,10.0,1.0
203,11,18.0,45.0,5.0,0.0,378.0,3.0,7075.0,196.0,-4.0,0.0,9.0,nle.52158.1.ttyrec3.bz2,8.0,0.0,0.0,16.0,18.0,5.0,9261.0,13.0,0.0,1.0,1277.0,0.0,18.0,10.0,1.0
204,12,56.0,36.0,5.0,0.0,540.0,21.0,7048.0,173.0,5.0,0.0,7.0,nle.52159.0.ttyrec3.bz2,10.0,0.0,3.0,13.0,56.0,4.0,10000.0,12.0,0.0,1.0,1338.0,0.0,14.0,18.0,1.0
205,13,31.0,40.0,6.0,0.0,449.0,55.0,12014.0,323.0,5.0,0.0,15.0,nle.52159.1.ttyrec3.bz2,11.0,1.0,18.0,15.0,31.0,15.0,19145.0,13.0,0.0,1.0,2093.0,0.0,15.0,14.0,1.0
206,14,12.0,29.0,5.0,0.0,430.0,31.0,5405.0,171.0,6.0,0.0,9.0,nle.52160.0.ttyrec3.bz2,6.0,0.0,3.0,18.0,12.0,2.0,6593.0,18.0,0.0,1.0,686.0,0.0,14.0,10.0,1.0
207,15,31.0,82.0,8.0,0.0,2376.0,12.0,23999.0,1804.0,0.0,0.0,7.0,nle.52160.1.ttyrec3.bz2,13.0,0.0,3.0,18.0,31.0,86.0,28088.0,12.0,0.0,5.0,7416.0,0.0,18.0,13.0,5.0
208,16,51.0,84.0,10.0,0.0,8815.0,350.0,42463.0,9133.0,-1.0,0.0,10.0,nle.52161.0.ttyrec3.bz2,12.0,0.0,33.0,18.0,51.0,23.0,71449.0,16.0,0.0,11.0,37085.0,0.0,17.0,10.0,11.0
209,17,19.0,105.0,11.0,0.0,6392.0,87.0,50424.0,14717.0,3.0,0.0,11.0,nle.52161.1.ttyrec3.bz2,10.0,0.0,8.0,16.0,19.0,1039.0,92785.0,14.0,0.0,7.0,60217.0,0.0,18.0,9.0,7.0
210,18,61.0,68.0,10.0,0.0,8414.0,127.0,33219.0,8324.0,-2.0,0.0,12.0,nle.52162.0.ttyrec3.bz2,10.0,4.0,0.0,17.0,61.0,317.0,65337.0,16.0,0.0,10.0,34073.0,0.0,18.0,9.0,10.0
211,19,10.0,31.0,3.0,0.0,493.0,8.0,2666.0,74.0,9.0,0.0,8.0,nle.52162.1.ttyrec3.bz2,16.0,0.0,0.0,12.0,10.0,518.0,3087.0,12.0,0.0,1.0,309.0,0.0,17.0,12.0,1.0
212,20,79.0,76.0,11.0,0.0,10482.0,202.0,32883.0,10466.0,-4.0,0.0,11.0,nle.52163.0.ttyrec3.bz2,9.0,0.0,1.0,18.0,62.0,971.0,63340.0,17.0,0.0,8.0,43185.0,0.0,17.0,9.0,8.0
213,21,59.0,64.0,9.0,0.0,6524.0,61.0,13659.0,2832.0,1.0,0.0,15.0,nle.52163.1.ttyrec3.bz2,18.0,0.0,0.0,17.0,59.0,347.0,23376.0,12.0,0.0,8.0,11925.0,0.0,17.0,7.0,3.0
214,22,41.0,81.0,8.0,0.0,3390.0,91.0,27302.0,2257.0,1.0,0.0,15.0,nle.52164.0.ttyrec3.bz2,11.0,0.0,22.0,16.0,41.0,31.0,53118.0,15.0,0.0,5.0,9279.0,0.0,18.0,15.0,5.0
215,23,60.0,95.0,11.0,3.0,10019.0,279.0,39038.0,11539.0,4.0,46.0,7.0,nle.52164.1.ttyrec3.bz2,10.0,0.0,16.0,18.0,60.0,2323.0,73027.0,16.0,4.0,14.0,48939.0,1.0,18.0,11.0,14.0
216,24,23.0,31.0,4.0,0.0,582.0,49.0,5584.0,149.0,7.0,0.0,17.0,nle.52165.0.ttyrec3.bz2,14.0,2.0,5.0,11.0,23.0,1989.0,6259.0,9.0,0.0,1.0,600.0,0.0,16.0,9.0,1.0
217,25,61.0,61.0,6.0,0.0,606.0,20.0,10657.0,365.0,0.0,0.0,18.0,nle.52165.1.ttyrec3.bz2,9.0,3.0,0.0,10.0,61.0,11.0,11242.0,12.0,0.0,1.0,1471.0,0.0,17.0,10.0,1.0
218,26,17.0,79.0,7.0,0.0,549.0,42.0,14432.0,1055.0,7.0,0.0,10.0,nle.52174.0.ttyrec3.bz2,10.0,0.0,1.0,17.0,17.0,10.0,20233.0,14.0,0.0,1.0,4230.0,0.0,20.0,8.0,1.0
219,27,21.0,60.0,7.0,0.0,465.0,24.0,12769.0,734.0,3.0,0.0,8.0,nle.52174.1.ttyrec3.bz2,10.0,3.0,2.0,13.0,21.0,14.0,17059.0,18.0,0.0,1.0,2950.0,0.0,17.0,13.0,1.0
220,28,51.0,30.0,5.0,0.0,651.0,5.0,7897.0,307.0,6.0,0.0,17.0,nle.52176.0.ttyrec3.bz2,8.0,2.0,4.0,12.0,51.0,10.0,9607.0,13.0,0.0,1.0,1248.0,0.0,14.0,13.0,1.0
221,29,28.0,67.0,7.0,0.0,526.0,1.0,13859.0,651.0,4.0,0.0,8.0,nle.52176.1.ttyrec3.bz2,13.0,0.0,0.0,14.0,28.0,142.0,15822.0,14.0,0.0,1.0,2615.0,0.0,18.0,12.0,1.0
222,30,17.0,115.0,10.0,0.0,5071.0,108.0,30563.0,6913.0,-1.0,0.0,10.0,nle.52177.0.ttyrec3.bz2,8.0,0.0,15.0,10.0,17.0,459.0,54092.0,15.0,0.0,6.0,28361.0,0.0,18.0,8.0,6.0
223,31,17.0,108.0,9.0,0.0,7415.0,289.0,24942.0,4683.0,0.0,0.0,11.0,nle.52177.1.ttyrec3.bz2,8.0,0.0,0.0,15.0,17.0,181.0,43299.0,15.0,0.0,9.0,19313.0,0.0,19.0,7.0,9.0
224,0,50.0,68.0,9.0,0.0,4735.0,121.0,28412.0,3195.0,-1.0,0.0,13.0,nle.33955.0.ttyrec3.bz2,7.0,0.0,56.0,18.0,50.0,1104.0,39570.0,14.0,0.0,5.0,14104.0,0.0,18.0,15.0,5.0
225,1,71.0,54.0,7.0,0.0,524.0,30.0,17857.0,1161.0,5.0,0.0,10.0,nle.33955.1.ttyrec3.bz2,10.0,1.0,9.0,12.0,71.0,0.0,20783.0,16.0,0.0,1.0,4644.0,0.0,17.0,18.0,1.0
226,2,42.0,63.0,9.0,0.0,4756.0,105.0,25349.0,3890.0,0.0,0.0,13.0,nle.33956.0.ttyrec3.bz2,10.0,0.0,0.0,17.0,42.0,67.0,56620.0,14.0,0.0,8.0,16027.0,0.0,18.0,14.0,8.0
227,3,30.0,34.0,4.0,0.0,574.0,2.0,4594.0,89.0,1.0,0.0,17.0,nle.33956.1.ttyrec3.bz2,16.0,0.0,0.0,8.0,30.0,1976.0,5139.0,8.0,0.0,1.0,374.0,0.0,17.0,11.0,1.0
228,4,42.0,39.0,6.0,0.0,622.0,71.0,15456.0,636.0,8.0,0.0,18.0,nle.33957.0.ttyrec3.bz2,8.0,0.0,13.0,12.0,42.0,12.0,23401.0,12.0,0.0,1.0,2556.0,0.0,16.0,16.0,1.0
229,5,34.0,66.0,8.0,0.0,2776.0,46.0,28322.0,2393.0,4.0,0.0,11.0,nle.33957.1.ttyrec3.bz2,7.0,0.0,19.0,15.0,34.0,94.0,40225.0,18.0,0.0,4.0,9826.0,0.0,18.0,12.0,4.0
230,6,70.0,64.0,10.0,0.0,6831.0,79.0,31643.0,5320.0,-3.0,0.0,16.0,nle.33959.0.ttyrec3.bz2,7.0,0.0,0.0,16.0,70.0,1165.0,47073.0,13.0,0.0,8.0,22805.0,0.0,16.0,13.0,8.0
231,7,28.0,26.0,3.0,0.0,555.0,1.0,3835.0,76.0,9.0,0.0,10.0,nle.33959.1.ttyrec3.bz2,10.0,0.0,1.0,9.0,28.0,9.0,4554.0,13.0,0.0,1.0,323.0,0.0,16.0,16.0,1.0
232,8,15.0,33.0,5.0,0.0,516.0,56.0,4275.0,168.0,4.0,0.0,9.0,nle.33960.0.ttyrec3.bz2,11.0,33.0,47.0,11.0,15.0,14.0,7145.0,18.0,0.0,1.0,778.0,0.0,14.0,8.0,1.0
233,9,18.0,67.0,7.0,0.0,639.0,26.0,13487.0,682.0,2.0,0.0,8.0,nle.33960.1.ttyrec3.bz2,6.0,0.0,14.0,16.0,18.0,3.0,15810.0,17.0,0.0,1.0,2731.0,0.0,18.0,8.0,1.0
234,10,59.0,88.0,11.0,0.0,8013.0,166.0,65811.0,14807.0,0.0,0.0,10.0,nle.33961.0.ttyrec3.bz2,8.0,0.0,5.0,18.0,59.0,5275.0,221953.0,15.0,0.0,7.0,64873.0,0.0,18.0,10.0,7.0
235,11,64.0,56.0,7.0,0.0,585.0,55.0,24850.0,938.0,7.0,0.0,14.0,nle.33961.1.ttyrec3.bz2,17.0,0.0,25.0,17.0,64.0,1240.0,28190.0,13.0,0.0,1.0,3841.0,0.0,18.0,12.0,1.0
236,12,31.0,75.0,8.0,0.0,2324.0,37.0,23424.0,1979.0,2.0,0.0,11.0,nle.33962.0.ttyrec3.bz2,6.0,0.0,3.0,18.0,31.0,557.0,40323.0,16.0,0.0,4.0,8643.0,0.0,18.0,10.0,4.0
237,13,57.0,52.0,6.0,0.0,392.0,32.0,9868.0,442.0,3.0,0.0,15.0,nle.33962.1.ttyrec3.bz2,17.0,0.0,13.0,15.0,57.0,7.0,16082.0,10.0,0.0,1.0,1785.0,0.0,16.0,7.0,1.0
238,14,28.0,40.0,6.0,0.0,522.0,20.0,9183.0,346.0,8.0,0.0,16.0,nle.33963.0.ttyrec3.bz2,9.0,0.0,7.0,12.0,28.0,0.0,16704.0,10.0,0.0,1.0,1384.0,0.0,15.0,16.0,1.0
239,15,38.0,79.0,9.0,0.0,4935.0,112.0,27529.0,3338.0,0.0,0.0,10.0,nle.33963.1.ttyrec3.bz2,8.0,0.0,17.0,19.0,38.0,371.0,47110.0,12.0,0.0,7.0,14033.0,0.0,17.0,8.0,7.0
240,16,22.0,68.0,9.0,0.0,5750.0,135.0,30078.0,2628.0,5.0,0.0,13.0,nle.33964.0.ttyrec3.bz2,12.0,0.0,21.0,14.0,22.0,266.0,54064.0,16.0,0.0,8.0,11158.0,0.0,18.0,16.0,7.0
241,17,26.0,62.0,7.0,0.0,469.0,102.0,18025.0,689.0,10.0,0.0,7.0,nle.33964.1.ttyrec3.bz2,17.0,0.0,25.0,12.0,26.0,788.0,21077.0,15.0,0.0,1.0,2761.0,0.0,17.0,14.0,1.0
242,18,44.0,38.0,5.0,0.0,627.0,24.0,7543.0,284.0,9.0,0.0,10.0,nle.33965.0.ttyrec3.bz2,11.0,0.0,3.0,12.0,44.0,27.0,8811.0,15.0,0.0,1.0,1163.0,0.0,17.0,16.0,1.0
243,19,59.0,49.0,7.0,0.0,544.0,51.0,10541.0,642.0,4.0,0.0,14.0,nle.33965.1.ttyrec3.bz2,17.0,0.0,4.0,14.0,59.0,3.0,13094.0,11.0,0.0,1.0,2571.0,0.0,15.0,9.0,1.0
244,20,2.0,14.0,1.0,0.0,514.0,0.0,194.0,9.0,10.0,0.0,10.0,nle.33966.0.ttyrec3.bz2,15.0,2.0,0.0,11.0,2.0,329.0,901.0,11.0,0.0,1.0,41.0,0.0,15.0,13.0,1.0
245,21,21.0,57.0,5.0,0.0,651.0,25.0,12147.0,319.0,4.0,0.0,6.0,nle.33966.1.ttyrec3.bz2,14.0,0.0,5.0,12.0,21.0,259.0,14439.0,14.0,0.0,1.0,1708.0,0.0,17.0,13.0,1.0
246,22,19.0,60.0,6.0,0.0,563.0,42.0,14545.0,565.0,2.0,0.0,9.0,nle.33967.0.ttyrec3.bz2,7.0,0.0,0.0,13.0,19.0,13.0,22239.0,18.0,0.0,1.0,2283.0,0.0,18.0,12.0,1.0
247,23,45.0,8.0,7.0,0.0,497.0,96.0,16003.0,719.0,7.0,0.0,16.0,nle.33967.1.ttyrec3.bz2,16.0,8.0,54.0,9.0,45.0,1763.0,19987.0,13.0,0.0,1.0,2890.0,0.0,18.0,12.0,1.0
248,24,28.0,25.0,3.0,0.0,527.0,3.0,2669.0,41.0,5.0,0.0,7.0,nle.33968.1.ttyrec3.bz2,9.0,25.0,0.0,9.0,28.0,13.0,4142.0,15.0,0.0,1.0,201.0,0.0,17.0,16.0,1.0
249,25,40.0,52.0,7.0,0.0,809.0,30.0,19715.0,641.0,8.0,0.0,14.0,nle.33969.0.ttyrec3.bz2,10.0,3.0,13.0,14.0,40.0,55.0,33042.0,14.0,0.0,1.0,3807.0,0.0,18.0,15.0,1.0
250,26,22.0,58.0,7.0,0.0,483.0,39.0,17144.0,682.0,3.0,0.0,6.0,nle.33969.1.ttyrec3.bz2,17.0,0.0,30.0,12.0,22.0,798.0,19560.0,13.0,0.0,1.0,2739.0,0.0,17.0,16.0,1.0
251,27,34.0,81.0,8.0,0.0,2222.0,28.0,22667.0,1996.0,-3.0,0.0,11.0,nle.33970.0.ttyrec3.bz2,8.0,0.0,13.0,16.0,34.0,111.0,28272.0,16.0,0.0,4.0,8255.0,0.0,18.0,8.0,4.0
252,28,31.0,84.0,8.0,0.0,3004.0,64.0,20396.0,1823.0,-2.0,0.0,8.0,nle.33970.1.ttyrec3.bz2,10.0,0.0,25.0,18.0,31.0,108.0,30022.0,13.0,0.0,5.0,7600.0,0.0,18.0,12.0,3.0
253,29,43.0,49.0,6.0,0.0,440.0,56.0,12755.0,568.0,10.0,0.0,18.0,nle.33971.0.ttyrec3.bz2,17.0,49.0,3.0,12.0,43.0,1524.0,17746.0,12.0,0.0,1.0,2300.0,0.0,15.0,8.0,1.0
254,30,22.0,38.0,6.0,0.0,604.0,12.0,10133.0,407.0,6.0,0.0,12.0,nle.33971.1.ttyrec3.bz2,8.0,3.0,2.0,18.0,22.0,33.0,12909.0,17.0,0.0,1.0,1671.0,0.0,16.0,8.0,1.0
255,31,42.0,56.0,6.0,0.0,485.0,65.0,13860.0,599.0,5.0,0.0,14.0,,18.0,0.0,33.0,9.0,42.0,1902.0,16469.0,10.0,0.0,1.0,2403.0,0.0,18.0,8.0,1.0
256,0,60.0,43.0,7.0,0.0,590.0,24.0,13306.0,819.0,3.0,0.0,15.0,nle.26160.0.ttyrec3.bz2,17.0,1.0,4.0,15.0,60.0,57.0,16525.0,12.0,0.0,1.0,3353.0,0.0,17.0,8.0,1.0
257,1,66.0,41.0,5.0,0.0,1126.0,12.0,5999.0,302.0,4.0,0.0,18.0,nle.26160.1.ttyrec3.bz2,13.0,0.0,3.0,10.0,66.0,25.0,7941.0,11.0,0.0,3.0,1333.0,0.0,16.0,11.0,3.0
258,2,145.0,56.0,8.0,0.0,716.0,114.0,24452.0,1315.0,-3.0,0.0,16.0,nle.26161.0.ttyrec3.bz2,11.0,0.0,0.0,13.0,145.0,0.0,35347.0,16.0,0.0,2.0,7226.0,0.0,16.0,9.0,2.0
259,3,53.0,47.0,7.0,0.0,611.0,30.0,19806.0,717.0,3.0,0.0,10.0,nle.26161.1.ttyrec3.bz2,10.0,0.0,15.0,11.0,53.0,43.0,22816.0,16.0,0.0,1.0,2911.0,0.0,16.0,17.0,1.0
260,4,38.0,71.0,9.0,0.0,3760.0,60.0,21888.0,3318.0,-4.0,0.0,13.0,nle.26162.0.ttyrec3.bz2,7.0,0.0,2.0,15.0,38.0,552.0,38625.0,14.0,0.0,5.0,14084.0,0.0,18.0,14.0,5.0
261,5,22.0,110.0,10.0,0.0,3649.0,143.0,35171.0,5270.0,6.0,0.0,7.0,nle.26162.1.ttyrec3.bz2,7.0,0.0,58.0,18.0,22.0,876.0,58099.0,17.0,0.0,5.0,22156.0,0.0,17.0,7.0,5.0
262,6,29.0,74.0,8.0,0.0,1225.0,73.0,18850.0,1403.0,2.0,0.0,11.0,nle.26163.0.ttyrec3.bz2,7.0,74.0,7.0,19.0,29.0,56.0,28797.0,15.0,0.0,2.0,5728.0,0.0,18.0,8.0,2.0
263,7,20.0,53.0,6.0,0.0,570.0,39.0,19429.0,639.0,-1.0,0.0,4.0,nle.26163.1.ttyrec3.bz2,15.0,0.0,3.0,13.0,20.0,354.0,23368.0,16.0,0.0,1.0,3573.0,0.0,15.0,16.0,1.0
264,8,37.0,51.0,8.0,0.0,2572.0,88.0,27245.0,2316.0,-2.0,0.0,14.0,nle.26164.0.ttyrec3.bz2,10.0,0.0,14.0,15.0,37.0,94.0,45212.0,17.0,0.0,5.0,9558.0,0.0,18.0,8.0,5.0
265,9,14.0,42.0,6.0,0.0,615.0,9.0,11372.0,408.0,3.0,0.0,9.0,nle.26164.1.ttyrec3.bz2,11.0,42.0,4.0,16.0,14.0,16.0,15433.0,18.0,0.0,1.0,1658.0,0.0,17.0,11.0,1.0
266,10,17.0,61.0,5.0,0.0,537.0,11.0,10747.0,310.0,9.0,0.0,9.0,nle.26165.0.ttyrec3.bz2,15.0,0.0,10.0,12.0,17.0,427.0,11602.0,12.0,0.0,1.0,1262.0,0.0,18.0,11.0,1.0
267,11,28.0,78.0,8.0,0.0,3871.0,49.0,33123.0,2246.0,10.0,0.0,9.0,nle.26165.1.ttyrec3.bz2,7.0,0.0,10.0,10.0,28.0,325.0,69131.0,16.0,0.0,5.0,9529.0,0.0,18.0,11.0,4.0
268,12,19.0,34.0,4.0,0.0,525.0,2.0,2479.0,87.0,6.0,0.0,15.0,nle.26166.0.ttyrec3.bz2,9.0,0.0,2.0,12.0,19.0,9.0,4271.0,6.0,0.0,1.0,367.0,0.0,13.0,19.0,1.0
269,13,36.0,104.0,10.0,0.0,8965.0,206.0,39336.0,6955.0,-2.0,0.0,7.0,nle.26166.1.ttyrec3.bz2,8.0,0.0,3.0,21.0,36.0,1279.0,67051.0,16.0,0.0,8.0,29469.0,0.0,18.0,10.0,6.0
270,14,80.0,54.0,8.0,0.0,1720.0,59.0,26795.0,1724.0,5.0,0.0,10.0,nle.26167.0.ttyrec3.bz2,10.0,0.0,23.0,14.0,80.0,46.0,32594.0,16.0,0.0,4.0,7092.0,0.0,17.0,17.0,4.0
271,15,22.0,72.0,9.0,0.0,4426.0,98.0,23245.0,3102.0,3.0,0.0,10.0,nle.26167.1.ttyrec3.bz2,9.0,0.0,3.0,20.0,22.0,99.0,35688.0,17.0,0.0,7.0,12917.0,0.0,18.0,7.0,7.0
272,16,51.0,46.0,6.0,0.0,514.0,20.0,13424.0,330.0,4.0,0.0,10.0,nle.26168.0.ttyrec3.bz2,8.0,2.0,7.0,10.0,51.0,10.0,15729.0,13.0,0.0,1.0,1398.0,0.0,17.0,16.0,1.0
273,17,9.0,52.0,4.0,0.0,602.0,20.0,4749.0,90.0,6.0,0.0,6.0,nle.26168.1.ttyrec3.bz2,7.0,0.0,6.0,16.0,9.0,2.0,6400.0,17.0,0.0,1.0,482.0,0.0,16.0,9.0,1.0
274,18,55.0,70.0,8.0,0.0,2143.0,37.0,20639.0,2106.0,3.0,0.0,15.0,nle.26169.0.ttyrec3.bz2,17.0,50.0,0.0,15.0,55.0,31.0,33980.0,11.0,0.0,4.0,8605.0,0.0,17.0,8.0,3.0
275,19,33.0,59.0,8.0,0.0,655.0,10.0,18706.0,1300.0,5.0,0.0,10.0,nle.26169.1.ttyrec3.bz2,10.0,0.0,0.0,17.0,33.0,6.0,26670.0,18.0,0.0,1.0,5704.0,0.0,18.0,16.0,1.0
276,20,62.0,54.0,8.0,0.0,1853.0,45.0,17731.0,1602.0,2.0,0.0,15.0,nle.26170.0.ttyrec3.bz2,17.0,0.0,9.0,16.0,62.0,36.0,24700.0,13.0,0.0,3.0,6564.0,0.0,17.0,8.0,3.0
277,21,25.0,49.0,6.0,0.0,608.0,10.0,8410.0,335.0,4.0,0.0,7.0,nle.26170.1.ttyrec3.bz2,17.0,0.0,5.0,11.0,25.0,267.0,10138.0,13.0,0.0,1.0,1567.0,0.0,15.0,13.0,1.0
278,22,12.0,78.0,7.0,0.0,627.0,37.0,17608.0,1105.0,3.0,0.0,8.0,nle.26171.0.ttyrec3.bz2,7.0,0.0,0.0,17.0,12.0,100.0,24199.0,18.0,0.0,1.0,4550.0,0.0,18.0,8.0,1.0
279,23,29.0,46.0,6.0,0.0,531.0,65.0,9941.0,326.0,9.0,0.0,14.0,nle.26171.1.ttyrec3.bz2,11.0,0.0,8.0,13.0,29.0,10.0,19118.0,10.0,0.0,1.0,2302.0,0.0,14.0,17.0,1.0
280,24,59.0,65.0,9.0,0.0,2230.0,46.0,30419.0,3389.0,1.0,0.0,15.0,nle.26172.0.ttyrec3.bz2,7.0,0.0,12.0,17.0,59.0,312.0,61064.0,16.0,0.0,5.0,14068.0,0.0,17.0,8.0,5.0
281,25,44.0,6.0,5.0,0.0,1353.0,33.0,5649.0,229.0,6.0,0.0,14.0,nle.26172.1.ttyrec3.bz2,17.0,6.0,11.0,14.0,44.0,53.0,8585.0,10.0,0.0,3.0,1125.0,0.0,13.0,8.0,1.0
282,26,15.0,34.0,4.0,0.0,9.0,13.0,3440.0,137.0,3.0,0.0,9.0,nle.26173.0.ttyrec3.bz2,7.0,0.0,1.0,15.0,15.0,11.0,5064.0,17.0,0.0,1.0,559.0,0.0,18.0,9.0,1.0
283,27,23.0,58.0,7.0,0.0,1630.0,42.0,18294.0,1155.0,4.0,0.0,12.0,nle.26173.1.ttyrec3.bz2,10.0,0.0,7.0,13.0,23.0,115.0,26749.0,18.0,0.0,3.0,4835.0,0.0,18.0,9.0,1.0
284,28,22.0,38.0,5.0,0.0,541.0,66.0,9700.0,319.0,6.0,0.0,11.0,nle.26174.0.ttyrec3.bz2,8.0,4.0,23.0,14.0,22.0,12.0,12270.0,11.0,0.0,1.0,1860.0,0.0,16.0,14.0,1.0
285,29,29.0,87.0,9.0,0.0,3830.0,112.0,24423.0,3682.0,-2.0,0.0,12.0,nle.26174.1.ttyrec3.bz2,8.0,0.0,26.0,22.0,29.0,105.0,32665.0,10.0,0.0,6.0,15093.0,0.0,18.0,8.0,6.0
286,30,46.0,67.0,8.0,0.0,2001.0,65.0,25066.0,1656.0,8.0,0.0,14.0,nle.26175.0.ttyrec3.bz2,17.0,0.0,15.0,12.0,46.0,12.0,33386.0,14.0,0.0,3.0,6734.0,0.0,18.0,9.0,3.0
287,31,52.0,35.0,5.0,0.0,419.0,39.0,7810.0,319.0,0.0,0.0,15.0,nle.26175.1.ttyrec3.bz2,17.0,2.0,1.0,11.0,52.0,1038.0,10629.0,11.0,0.0,1.0,1804.0,0.0,15.0,10.0,1.0
288,0,41.0,41.0,6.0,0.0,502.0,47.0,10156.0,325.0,2.0,0.0,9.0,nle.12319.0.ttyrec3.bz2,11.0,5.0,12.0,16.0,41.0,16.0,15664.0,13.0,0.0,1.0,1820.0,0.0,14.0,10.0,1.0
289,1,57.0,49.0,8.0,0.0,1311.0,18.0,19339.0,1594.0,3.0,0.0,15.0,nle.12319.1.ttyrec3.bz2,18.0,0.0,5.0,15.0,57.0,43.0,32991.0,12.0,0.0,2.0,6479.0,0.0,16.0,9.0,2.0
290,2,17.0,36.0,5.0,0.0,595.0,10.0,6740.0,248.0,1.0,0.0,13.0,nle.12320.0.ttyrec3.bz2,7.0,0.0,2.0,18.0,17.0,8.0,8074.0,11.0,0.0,1.0,1000.0,0.0,18.0,13.0,1.0
291,3,53.0,66.0,10.0,0.0,4622.0,74.0,27443.0,5324.0,-2.0,0.0,14.0,nle.12320.1.ttyrec3.bz2,8.0,0.0,22.0,17.0,53.0,266.0,37638.0,15.0,0.0,7.0,21872.0,0.0,16.0,10.0,7.0
292,4,20.0,46.0,6.0,0.0,574.0,93.0,12641.0,321.0,6.0,0.0,9.0,nle.12321.0.ttyrec3.bz2,7.0,0.0,15.0,12.0,20.0,5.0,18729.0,18.0,0.0,1.0,2571.0,0.0,16.0,13.0,1.0
293,5,97.0,60.0,9.0,0.0,1580.0,190.0,27644.0,2691.0,3.0,0.0,18.0,nle.12321.1.ttyrec3.bz2,18.0,0.0,39.0,12.0,97.0,11.0,41274.0,16.0,0.0,3.0,10874.0,0.0,17.0,7.0,3.0
294,6,29.0,70.0,9.0,0.0,2546.0,39.0,23182.0,2980.0,-2.0,0.0,9.0,nle.12322.0.ttyrec3.bz2,9.0,0.0,0.0,20.0,29.0,67.0,41985.0,18.0,0.0,5.0,12247.0,0.0,18.0,12.0,4.0
295,7,27.0,34.0,4.0,0.0,653.0,0.0,9356.0,85.0,3.0,0.0,12.0,nle.12322.1.ttyrec3.bz2,11.0,13.0,0.0,16.0,27.0,19.0,16224.0,14.0,0.0,1.0,633.0,0.0,14.0,9.0,1.0
296,8,48.0,73.0,9.0,0.0,4617.0,26.0,28881.0,3851.0,0.0,0.0,18.0,nle.12323.0.ttyrec3.bz2,11.0,3.0,0.0,14.0,7.0,75.0,46596.0,18.0,0.0,7.0,15789.0,0.0,18.0,9.0,7.0
297,9,57.0,40.0,5.0,0.0,565.0,20.0,5735.0,161.0,7.0,0.0,16.0,nle.12323.1.ttyrec3.bz2,16.0,0.0,0.0,12.0,57.0,1119.0,8688.0,12.0,0.0,1.0,1216.0,0.0,15.0,8.0,1.0
298,10,26.0,73.0,7.0,0.0,506.0,26.0,15089.0,713.0,10.0,0.0,9.0,nle.12324.0.ttyrec3.bz2,6.0,0.0,7.0,16.0,26.0,0.0,22771.0,16.0,0.0,1.0,2862.0,0.0,18.0,11.0,1.0
299,11,50.0,48.0,9.0,0.0,2231.0,60.0,27561.0,3393.0,-2.0,0.0,14.0,nle.12324.1.ttyrec3.bz2,7.0,0.0,13.0,17.0,50.0,169.0,40444.0,14.0,0.0,4.0,13891.0,0.0,16.0,14.0,4.0
300,12,30.0,42.0,7.0,0.0,558.0,65.0,18349.0,1138.0,-4.0,0.0,14.0,nle.12325.0.ttyrec3.bz2,7.0,5.0,15.0,15.0,30.0,0.0,22747.0,13.0,0.0,1.0,4562.0,0.0,17.0,14.0,1.0
301,13,22.0,10.0,6.0,0.0,621.0,10.0,10950.0,369.0,7.0,0.0,6.0,nle.12325.1.ttyrec3.bz2,13.0,10.0,6.0,13.0,22.0,384.0,12487.0,12.0,0.0,1.0,1502.0,0.0,18.0,14.0,1.0
302,14,14.0,51.0,6.0,0.0,472.0,4.0,11356.0,325.0,6.0,0.0,8.0,nle.12326.0.ttyrec3.bz2,7.0,0.0,2.0,17.0,14.0,13.0,14676.0,18.0,0.0,1.0,1717.0,0.0,17.0,7.0,1.0
303,15,94.0,102.0,10.0,0.0,10534.0,229.0,36757.0,8246.0,-3.0,0.0,15.0,nle.12326.1.ttyrec3.bz2,17.0,0.0,1.0,17.0,94.0,721.0,68764.0,15.0,0.0,11.0,34235.0,0.0,18.0,9.0,11.0
304,16,31.0,69.0,8.0,0.0,4218.0,28.0,22243.0,2173.0,1.0,0.0,8.0,nle.12327.0.ttyrec3.bz2,6.0,69.0,0.0,18.0,31.0,95.0,37097.0,18.0,0.0,6.0,9137.0,0.0,17.0,12.0,6.0
305,17,97.0,48.0,6.0,0.0,513.0,9.0,13059.0,321.0,6.0,0.0,16.0,nle.12327.1.ttyrec3.bz2,8.0,1.0,7.0,14.0,97.0,20.0,16001.0,12.0,0.0,1.0,1516.0,0.0,15.0,13.0,1.0
306,18,50.0,92.0,11.0,4.0,9283.0,213.0,37198.0,12603.0,-5.0,52.0,10.0,nle.12328.0.ttyrec3.bz2,8.0,4.0,0.0,22.0,50.0,4698.0,67959.0,16.0,4.0,13.0,55580.0,1.0,18.0,10.0,13.0
307,19,23.0,47.0,5.0,0.0,585.0,20.0,7830.0,261.0,4.0,0.0,14.0,nle.12328.1.ttyrec3.bz2,12.0,0.0,4.0,14.0,23.0,0.0,13678.0,12.0,4.0,1.0,1044.0,0.0,17.0,15.0,1.0
308,20,34.0,89.0,8.0,0.0,2066.0,189.0,20558.0,1748.0,-2.0,0.0,8.0,nle.12329.0.ttyrec3.bz2,6.0,0.0,40.0,16.0,34.0,158.0,38876.0,16.0,0.0,4.0,7310.0,0.0,18.0,12.0,4.0
309,21,28.0,84.0,9.0,0.0,5053.0,39.0,28969.0,3922.0,8.0,0.0,10.0,nle.12329.1.ttyrec3.bz2,8.0,0.0,6.0,17.0,28.0,327.0,43820.0,15.0,0.0,5.0,16235.0,0.0,18.0,9.0,5.0
310,22,31.0,96.0,9.0,0.0,3983.0,261.0,30523.0,4624.0,2.0,0.0,9.0,nle.12330.0.ttyrec3.bz2,6.0,0.0,0.0,18.0,31.0,318.0,40867.0,17.0,0.0,5.0,19034.0,0.0,18.0,7.0,5.0
311,23,34.0,91.0,9.0,0.0,4507.0,62.0,30934.0,4344.0,0.0,0.0,11.0,nle.12330.1.ttyrec3.bz2,15.0,0.0,15.0,25.0,34.0,338.0,37811.0,15.0,0.0,6.0,17636.0,0.0,18.0,13.0,6.0
312,24,48.0,56.0,7.0,0.0,535.0,7.0,20842.0,640.0,1.0,0.0,12.0,nle.12331.0.ttyrec3.bz2,10.0,2.0,5.0,17.0,48.0,37.0,28203.0,13.0,0.0,1.0,4237.0,0.0,16.0,14.0,1.0
313,25,45.0,68.0,9.0,0.0,4519.0,23.0,18866.0,3001.0,-4.0,0.0,14.0,nle.12331.1.ttyrec3.bz2,7.0,0.0,3.0,17.0,45.0,213.0,25043.0,15.0,0.0,6.0,12477.0,0.0,18.0,13.0,4.0
314,26,22.0,94.0,11.0,1.0,14011.0,184.0,40051.0,11235.0,-5.0,20.0,9.0,nle.12332.0.ttyrec3.bz2,8.0,0.0,18.0,22.0,22.0,1785.0,73757.0,16.0,2.0,12.0,47245.0,0.0,18.0,8.0,12.0
315,27,85.0,45.0,8.0,0.0,1712.0,43.0,28270.0,1920.0,-4.0,0.0,18.0,nle.12332.1.ttyrec3.bz2,9.0,0.0,15.0,11.0,85.0,80.0,34490.0,18.0,2.0,4.0,7930.0,0.0,16.0,9.0,4.0
316,28,52.0,70.0,9.0,0.0,1983.0,54.0,32013.0,2934.0,-2.0,0.0,13.0,nle.12333.0.ttyrec3.bz2,9.0,0.0,4.0,16.0,52.0,544.0,132915.0,17.0,0.0,5.0,18476.0,0.0,18.0,9.0,5.0
317,29,60.0,68.0,9.0,0.0,3960.0,80.0,27009.0,3478.0,-1.0,0.0,17.0,nle.12333.1.ttyrec3.bz2,11.0,0.0,12.0,16.0,60.0,186.0,42870.0,14.0,0.0,6.0,14348.0,0.0,18.0,13.0,6.0
318,30,33.0,101.0,11.0,0.0,9493.0,322.0,47288.0,13403.0,10.0,7.0,9.0,nle.12334.1.ttyrec3.bz2,11.0,101.0,7.0,18.0,33.0,562.0,97112.0,16.0,1.0,11.0,54634.0,0.0,18.0,8.0,6.0
319,31,23.0,45.0,6.0,0.0,582.0,21.0,11580.0,325.0,4.0,0.0,11.0,,10.0,0.0,9.0,12.0,23.0,10.0,17131.0,18.0,1.0,1.0,1778.0,0.0,17.0,10.0,1.0
320,0,45.0,92.0,12.0,0.0,7133.0,318.0,83868.0,22250.0,1.0,0.0,7.0,nle.10633.1.ttyrec3.bz2,9.0,92.0,5.0,17.0,45.0,223.0,216671.0,17.0,0.0,10.0,133203.0,0.0,18.0,9.0,10.0
321,1,12.0,86.0,9.0,0.0,3891.0,20.0,25783.0,2645.0,1.0,0.0,10.0,nle.10634.0.ttyrec3.bz2,7.0,0.0,0.0,21.0,12.0,426.0,38134.0,17.0,0.0,6.0,11276.0,0.0,17.0,9.0,5.0
322,2,11.0,107.0,9.0,0.0,2974.0,75.0,24298.0,2860.0,-4.0,0.0,8.0,nle.10634.1.ttyrec3.bz2,8.0,107.0,13.0,17.0,11.0,387.0,37389.0,15.0,0.0,5.0,12037.0,0.0,19.0,8.0,5.0
323,3,26.0,79.0,8.0,0.0,3297.0,92.0,19453.0,2196.0,2.0,0.0,9.0,nle.10635.0.ttyrec3.bz2,10.0,0.0,0.0,15.0,26.0,4.0,35727.0,17.0,0.0,6.0,9038.0,0.0,18.0,11.0,6.0
324,4,26.0,119.0,11.0,0.0,14912.0,203.0,49159.0,12968.0,3.0,8.0,6.0,nle.10635.1.ttyrec3.bz2,6.0,117.0,8.0,24.0,26.0,87.0,85516.0,14.0,1.0,13.0,76841.0,0.0,18.0,7.0,10.0
325,5,26.0,61.0,6.0,0.0,620.0,19.0,11683.0,437.0,9.0,0.0,8.0,nle.10636.0.ttyrec3.bz2,15.0,0.0,12.0,12.0,26.0,704.0,12824.0,14.0,1.0,1.0,1761.0,0.0,17.0,11.0,1.0
326,6,122.0,70.0,10.0,0.0,5456.0,86.0,41089.0,5125.0,0.0,0.0,18.0,nle.10636.1.ttyrec3.bz2,11.0,0.0,21.0,14.0,122.0,118.0,59981.0,15.0,0.0,5.0,20828.0,0.0,16.0,10.0,5.0
327,7,32.0,35.0,6.0,0.0,700.0,4.0,9845.0,357.0,6.0,0.0,11.0,nle.10637.0.ttyrec3.bz2,10.0,0.0,1.0,14.0,32.0,5.0,13311.0,18.0,0.0,1.0,1433.0,0.0,15.0,9.0,1.0
328,8,10.0,68.0,6.0,0.0,532.0,20.0,8991.0,384.0,5.0,0.0,7.0,nle.10637.1.ttyrec3.bz2,9.0,0.0,2.0,19.0,10.0,12.0,11026.0,11.0,0.0,1.0,1548.0,0.0,19.0,8.0,1.0
329,9,24.0,58.0,7.0,0.0,458.0,33.0,15005.0,806.0,7.0,0.0,8.0,nle.10638.0.ttyrec3.bz2,16.0,1.0,0.0,17.0,24.0,892.0,17641.0,15.0,0.0,1.0,3242.0,0.0,18.0,11.0,1.0
330,10,20.0,86.0,8.0,0.0,2576.0,76.0,21119.0,1476.0,4.0,0.0,9.0,nle.10638.1.ttyrec3.bz2,6.0,3.0,21.0,15.0,20.0,78.0,34842.0,18.0,0.0,5.0,6192.0,0.0,18.0,8.0,5.0
331,11,71.0,72.0,8.0,0.0,1438.0,50.0,21210.0,1353.0,9.0,0.0,13.0,nle.10639.0.ttyrec3.bz2,10.0,0.0,2.0,12.0,71.0,30.0,32149.0,15.0,0.0,3.0,5542.0,0.0,18.0,15.0,3.0
332,12,49.0,73.0,9.0,0.0,3531.0,157.0,28522.0,3173.0,10.0,0.0,14.0,nle.10639.1.ttyrec3.bz2,11.0,0.0,0.0,18.0,49.0,273.0,50095.0,15.0,0.0,5.0,13185.0,0.0,17.0,14.0,3.0
333,13,8.0,65.0,7.0,0.0,616.0,33.0,12320.0,822.0,4.0,0.0,9.0,nle.10640.0.ttyrec3.bz2,9.0,0.0,1.0,16.0,8.0,6.0,17486.0,15.0,0.0,1.0,3294.0,0.0,17.0,9.0,1.0
334,14,22.0,48.0,5.0,0.0,727.0,5.0,9416.0,310.0,8.0,0.0,6.0,nle.10640.1.ttyrec3.bz2,16.0,0.0,5.0,16.0,22.0,631.0,12872.0,9.0,0.0,1.0,1248.0,0.0,17.0,15.0,1.0
335,15,21.0,27.0,5.0,0.0,677.0,0.0,6425.0,259.0,6.0,0.0,9.0,nle.10641.0.ttyrec3.bz2,10.0,0.0,0.0,16.0,21.0,8.0,8443.0,18.0,0.0,1.0,1044.0,0.0,14.0,11.0,1.0
336,16,8.0,51.0,5.0,0.0,596.0,46.0,11429.0,319.0,8.0,0.0,11.0,nle.10641.1.ttyrec3.bz2,11.0,0.0,7.0,9.0,8.0,6.0,21118.0,11.0,0.0,1.0,1666.0,0.0,19.0,16.0,1.0
337,17,57.0,62.0,8.0,0.0,973.0,62.0,22397.0,1290.0,1.0,0.0,14.0,nle.10642.0.ttyrec3.bz2,17.0,2.0,11.0,14.0,57.0,35.0,39028.0,15.0,0.0,2.0,7321.0,0.0,16.0,7.0,2.0
338,18,46.0,57.0,7.0,0.0,499.0,21.0,10806.0,646.0,10.0,0.0,16.0,nle.10642.1.ttyrec3.bz2,17.0,0.0,1.0,16.0,1.0,3.0,15595.0,11.0,0.0,1.0,2597.0,0.0,17.0,9.0,1.0
339,19,36.0,32.0,4.0,0.0,362.0,48.0,4424.0,133.0,4.0,0.0,15.0,nle.10643.0.ttyrec3.bz2,17.0,1.0,5.0,9.0,36.0,1958.0,5964.0,11.0,0.0,1.0,543.0,0.0,15.0,10.0,1.0
340,20,30.0,53.0,8.0,0.0,1515.0,4.0,15819.0,1571.0,1.0,0.0,11.0,nle.10643.1.ttyrec3.bz2,10.0,0.0,0.0,14.0,30.0,112.0,24219.0,18.0,0.0,4.0,6556.0,0.0,16.0,11.0,4.0
341,21,60.0,58.0,8.0,0.0,769.0,55.0,16118.0,1324.0,3.0,0.0,13.0,nle.10644.0.ttyrec3.bz2,9.0,0.0,0.0,17.0,60.0,107.0,25118.0,15.0,0.0,2.0,5453.0,0.0,16.0,12.0,2.0
342,22,113.0,80.0,8.0,0.0,2297.0,75.0,23628.0,2087.0,0.0,0.0,18.0,nle.10644.1.ttyrec3.bz2,9.0,0.0,13.0,15.0,113.0,113.0,34702.0,16.0,0.0,5.0,8731.0,0.0,18.0,10.0,5.0
343,23,9.0,37.0,3.0,0.0,533.0,10.0,3658.0,67.0,7.0,0.0,8.0,nle.10645.0.ttyrec3.bz2,14.0,0.0,9.0,10.0,9.0,275.0,5293.0,12.0,0.0,1.0,280.0,0.0,18.0,13.0,1.0
344,24,78.0,50.0,7.0,0.0,650.0,0.0,12310.0,650.0,1.0,0.0,16.0,nle.10645.1.ttyrec3.bz2,9.0,0.0,0.0,12.0,78.0,12.0,17038.0,14.0,0.0,1.0,2634.0,0.0,17.0,10.0,1.0
345,25,99.0,46.0,7.0,0.0,560.0,23.0,17000.0,1183.0,-2.0,0.0,19.0,nle.10646.0.ttyrec3.bz2,9.0,0.0,0.0,13.0,99.0,17.0,28195.0,13.0,0.0,1.0,4749.0,0.0,16.0,13.0,1.0
346,26,41.0,48.0,8.0,0.0,2787.0,84.0,26291.0,1825.0,1.0,0.0,13.0,nle.10646.1.ttyrec3.bz2,7.0,0.0,23.0,18.0,41.0,79.0,31207.0,13.0,0.0,5.0,7589.0,0.0,18.0,13.0,5.0
347,27,75.0,40.0,6.0,0.0,620.0,167.0,21790.0,639.0,5.0,0.0,8.0,nle.10647.0.ttyrec3.bz2,7.0,0.0,50.0,10.0,75.0,14.0,27582.0,15.0,0.0,1.0,4652.0,0.0,15.0,20.0,1.0
348,28,26.0,98.0,10.0,0.0,4269.0,85.0,31146.0,5211.0,-1.0,0.0,7.0,nle.10647.1.ttyrec3.bz2,7.0,0.0,3.0,17.0,26.0,640.0,46043.0,16.0,0.0,8.0,21844.0,0.0,18.0,8.0,8.0
349,29,25.0,40.0,5.0,0.0,379.0,7.0,9089.0,262.0,6.0,0.0,10.0,nle.10648.0.ttyrec3.bz2,16.0,0.0,4.0,11.0,25.0,882.0,10646.0,12.0,0.0,1.0,1053.0,0.0,17.0,13.0,1.0
350,30,29.0,81.0,8.0,0.0,1846.0,77.0,21990.0,1307.0,0.0,0.0,7.0,nle.10648.1.ttyrec3.bz2,16.0,3.0,6.0,13.0,29.0,975.0,31076.0,15.0,0.0,4.0,9997.0,0.0,17.0,11.0,4.0
351,31,131.0,54.0,8.0,0.0,2051.0,150.0,28504.0,2200.0,-4.0,0.0,15.0,,12.0,0.0,8.0,15.0,123.0,121.0,43015.0,17.0,0.0,4.0,9071.0,0.0,16.0,7.0,4.0
352,0,35.0,43.0,6.0,0.0,508.0,85.0,24091.0,639.0,1.0,0.0,14.0,nle.33921.0.ttyrec3.bz2,10.0,43.0,14.0,10.0,35.0,9.0,45429.0,15.0,0.0,1.0,4483.0,0.0,17.0,18.0,1.0
353,1,17.0,37.0,5.0,0.0,547.0,21.0,6841.0,240.0,3.0,0.0,13.0,nle.33921.1.ttyrec3.bz2,8.0,2.0,13.0,16.0,17.0,3.0,8696.0,11.0,0.0,1.0,963.0,0.0,15.0,13.0,1.0
354,2,26.0,56.0,6.0,0.0,782.0,24.0,8545.0,504.0,8.0,0.0,6.0,nle.33922.0.ttyrec3.bz2,17.0,7.0,8.0,10.0,26.0,996.0,13313.0,14.0,0.0,2.0,2073.0,0.0,16.0,13.0,2.0
355,3,46.0,70.0,9.0,0.0,4295.0,95.0,28363.0,3398.0,0.0,0.0,11.0,nle.33922.1.ttyrec3.bz2,7.0,11.0,3.0,17.0,46.0,453.0,44494.0,17.0,0.0,7.0,14395.0,0.0,16.0,13.0,7.0
356,4,85.0,56.0,9.0,0.0,4727.0,180.0,28539.0,4448.0,-5.0,0.0,13.0,nle.33923.0.ttyrec3.bz2,10.0,0.0,90.0,12.0,85.0,380.0,45126.0,16.0,0.0,8.0,18542.0,0.0,16.0,19.0,8.0
357,5,35.0,46.0,7.0,0.0,461.0,27.0,12205.0,1020.0,5.0,0.0,11.0,nle.33923.1.ttyrec3.bz2,11.0,0.0,0.0,14.0,35.0,28.0,18150.0,18.0,0.0,1.0,4118.0,0.0,17.0,9.0,1.0
358,6,30.0,38.0,5.0,0.0,503.0,13.0,6427.0,161.0,8.0,0.0,14.0,nle.33924.0.ttyrec3.bz2,11.0,0.0,5.0,13.0,30.0,0.0,19150.0,11.0,0.0,1.0,932.0,0.0,17.0,13.0,1.0
359,7,28.0,44.0,6.0,0.0,514.0,44.0,12018.0,560.0,3.0,0.0,14.0,nle.33924.1.ttyrec3.bz2,8.0,0.0,4.0,14.0,28.0,8.0,15691.0,18.0,0.0,1.0,2248.0,0.0,16.0,9.0,1.0
360,8,16.0,103.0,8.0,0.0,1634.0,124.0,19830.0,1632.0,6.0,0.0,7.0,nle.33925.1.ttyrec3.bz2,9.0,103.0,4.0,18.0,16.0,114.0,31460.0,14.0,0.0,3.0,6762.0,0.0,18.0,8.0,3.0
361,9,42.0,50.0,8.0,0.0,2147.0,102.0,25198.0,2337.0,3.0,0.0,11.0,nle.33926.0.ttyrec3.bz2,8.0,8.0,17.0,17.0,42.0,156.0,36927.0,17.0,0.0,5.0,9714.0,0.0,17.0,12.0,5.0
362,10,69.0,36.0,5.0,0.0,514.0,16.0,5402.0,189.0,6.0,0.0,20.0,nle.33926.1.ttyrec3.bz2,9.0,0.0,8.0,10.0,69.0,14.0,6520.0,15.0,0.0,1.0,770.0,0.0,13.0,12.0,1.0
363,11,16.0,17.0,2.0,0.0,601.0,0.0,755.0,27.0,4.0,0.0,15.0,nle.33927.0.ttyrec3.bz2,17.0,0.0,0.0,15.0,16.0,7.0,1712.0,9.0,0.0,1.0,115.0,0.0,10.0,13.0,1.0
364,12,28.0,26.0,3.0,0.0,569.0,4.0,259.0,49.0,-3.0,0.0,17.0,nle.33927.1.ttyrec3.bz2,16.0,0.0,0.0,9.0,28.0,1145.0,1668.0,10.0,0.0,1.0,216.0,0.0,13.0,10.0,1.0
365,13,15.0,89.0,8.0,0.0,1012.0,32.0,22928.0,1330.0,-3.0,0.0,10.0,nle.33928.0.ttyrec3.bz2,7.0,0.0,10.0,17.0,15.0,96.0,28882.0,15.0,0.0,2.0,5476.0,0.0,18.0,11.0,2.0
366,14,51.0,77.0,8.0,0.0,2881.0,54.0,25164.0,1884.0,2.0,0.0,17.0,nle.33928.1.ttyrec3.bz2,17.0,12.0,30.0,12.0,51.0,75.0,30009.0,15.0,0.0,4.0,7696.0,0.0,18.0,9.0,4.0
367,15,128.0,52.0,8.0,0.0,2232.0,56.0,24699.0,2081.0,-1.0,0.0,18.0,nle.33929.0.ttyrec3.bz2,11.0,0.0,21.0,17.0,128.0,50.0,32435.0,16.0,0.0,5.0,8574.0,0.0,18.0,9.0,3.0
368,16,100.0,45.0,7.0,0.0,408.0,150.0,10955.0,677.0,0.0,0.0,17.0,nle.33929.1.ttyrec3.bz2,9.0,0.0,1.0,11.0,100.0,19.0,16873.0,16.0,0.0,1.0,2727.0,0.0,15.0,11.0,1.0
369,17,118.0,69.0,9.0,0.0,2508.0,63.0,27235.0,2591.0,-2.0,0.0,8.0,nle.33930.0.ttyrec3.bz2,9.0,6.0,13.0,15.0,118.0,163.0,33852.0,18.0,0.0,5.0,10727.0,0.0,15.0,19.0,5.0
370,18,50.0,44.0,6.0,0.0,1192.0,24.0,7908.0,369.0,10.0,0.0,14.0,nle.33930.1.ttyrec3.bz2,17.0,0.0,8.0,15.0,50.0,36.0,9043.0,11.0,0.0,2.0,1582.0,0.0,13.0,8.0,2.0
371,19,128.0,72.0,9.0,0.0,7140.0,136.0,43553.0,4028.0,-1.0,0.0,14.0,nle.33931.0.ttyrec3.bz2,11.0,4.0,20.0,18.0,128.0,650.0,74743.0,18.0,0.0,9.0,27164.0,0.0,16.0,12.0,9.0
372,20,56.0,66.0,7.0,0.0,511.0,19.0,16417.0,694.0,7.0,0.0,15.0,nle.33931.1.ttyrec3.bz2,17.0,0.0,8.0,11.0,56.0,1570.0,23479.0,13.0,0.0,1.0,2784.0,0.0,18.0,11.0,1.0
373,21,33.0,53.0,7.0,0.0,571.0,2.0,13039.0,804.0,4.0,0.0,13.0,nle.33932.0.ttyrec3.bz2,7.0,5.0,0.0,16.0,33.0,23.0,14322.0,15.0,0.0,1.0,3249.0,0.0,18.0,13.0,1.0
374,22,2.0,29.0,2.0,0.0,583.0,0.0,1094.0,39.0,8.0,0.0,11.0,nle.33932.1.ttyrec3.bz2,9.0,0.0,0.0,18.0,2.0,7.0,2331.0,12.0,0.0,1.0,163.0,0.0,17.0,9.0,1.0
375,23,82.0,54.0,8.0,0.0,2714.0,30.0,26563.0,2455.0,-1.0,0.0,13.0,nle.33933.0.ttyrec3.bz2,8.0,0.0,3.0,16.0,82.0,153.0,35868.0,16.0,0.0,5.0,10183.0,0.0,16.0,20.0,4.0
376,24,57.0,72.0,9.0,0.0,1270.0,16.0,31576.0,2739.0,1.0,0.0,16.0,nle.33933.1.ttyrec3.bz2,10.0,0.0,0.0,15.0,57.0,111.0,77102.0,16.0,0.0,2.0,11127.0,0.0,17.0,9.0,2.0
377,25,22.0,32.0,6.0,0.0,589.0,110.0,12218.0,587.0,4.0,0.0,12.0,nle.33934.0.ttyrec3.bz2,10.0,0.0,35.0,15.0,22.0,7.0,16793.0,18.0,0.0,1.0,2355.0,0.0,15.0,9.0,1.0
378,26,101.0,64.0,9.0,0.0,1311.0,37.0,23597.0,2821.0,-4.0,0.0,16.0,nle.33934.1.ttyrec3.bz2,17.0,0.0,0.0,17.0,101.0,268.0,41384.0,14.0,0.0,2.0,11602.0,0.0,16.0,9.0,2.0
379,27,38.0,82.0,8.0,0.0,1462.0,126.0,21426.0,1552.0,1.0,0.0,10.0,nle.33935.0.ttyrec3.bz2,7.0,0.0,18.0,17.0,38.0,210.0,36611.0,15.0,0.0,3.0,6528.0,0.0,17.0,11.0,3.0
380,28,24.0,50.0,8.0,0.0,1620.0,48.0,24540.0,1868.0,-1.0,0.0,13.0,nle.33935.1.ttyrec3.bz2,9.0,0.0,6.0,17.0,24.0,111.0,38895.0,17.0,0.0,4.0,7773.0,0.0,17.0,8.0,4.0
381,29,12.0,24.0,2.0,0.0,567.0,0.0,895.0,22.0,7.0,0.0,18.0,nle.33936.0.ttyrec3.bz2,8.0,0.0,0.0,13.0,12.0,20.0,1831.0,13.0,0.0,1.0,108.0,0.0,14.0,9.0,1.0
382,30,74.0,69.0,8.0,0.0,1921.0,66.0,28945.0,1727.0,4.0,0.0,17.0,nle.33936.1.ttyrec3.bz2,17.0,0.0,28.0,13.0,74.0,70.0,37945.0,14.0,0.0,4.0,7058.0,0.0,18.0,8.0,4.0
383,31,27.0,55.0,7.0,0.0,1387.0,16.0,21679.0,1279.0,2.0,0.0,9.0,,9.0,0.0,11.0,14.0,27.0,162.0,33985.0,18.0,0.0,3.0,6470.0,0.0,17.0,9.0,3.0
384,0,37.0,74.0,8.0,0.0,1145.0,81.0,26314.0,1300.0,5.0,0.0,11.0,nle.12338.0.ttyrec3.bz2,10.0,0.0,8.0,16.0,37.0,27.0,31978.0,16.0,0.0,2.0,5297.0,0.0,18.0,7.0,2.0
385,1,42.0,57.0,8.0,0.0,2045.0,113.0,30291.0,2057.0,8.0,0.0,8.0,nle.12338.1.ttyrec3.bz2,17.0,0.0,28.0,14.0,42.0,17.0,36049.0,17.0,0.0,3.0,8328.0,0.0,18.0,12.0,3.0
386,2,23.0,13.0,6.0,0.0,461.0,20.0,10883.0,427.0,7.0,0.0,7.0,nle.12339.0.ttyrec3.bz2,15.0,13.0,4.0,11.0,23.0,788.0,14040.0,14.0,0.0,1.0,1724.0,0.0,18.0,13.0,1.0
387,3,54.0,46.0,6.0,0.0,463.0,10.0,7985.0,462.0,2.0,0.0,11.0,nle.12339.1.ttyrec3.bz2,10.0,2.0,0.0,11.0,54.0,10.0,10212.0,14.0,0.0,1.0,1858.0,0.0,15.0,18.0,1.0
388,4,32.0,69.0,8.0,0.0,975.0,25.0,22451.0,1461.0,-1.0,0.0,12.0,nle.12340.0.ttyrec3.bz2,7.0,6.0,15.0,15.0,32.0,118.0,32443.0,18.0,0.0,2.0,6022.0,0.0,18.0,12.0,2.0
389,5,15.0,94.0,9.0,4.0,8273.0,146.0,34340.0,4009.0,0.0,53.0,7.0,nle.12340.1.ttyrec3.bz2,7.0,0.0,4.0,18.0,15.0,751.0,67192.0,17.0,4.0,10.0,40553.0,1.0,18.0,8.0,10.0
390,6,32.0,45.0,5.0,0.0,606.0,16.0,6633.0,218.0,10.0,0.0,16.0,nle.12341.0.ttyrec3.bz2,18.0,0.0,11.0,15.0,32.0,0.0,8202.0,8.0,0.0,1.0,872.0,0.0,13.0,8.0,1.0
391,7,48.0,64.0,9.0,0.0,3392.0,76.0,27796.0,2561.0,0.0,0.0,14.0,nle.12341.1.ttyrec3.bz2,8.0,6.0,11.0,15.0,48.0,271.0,33425.0,16.0,0.0,5.0,16025.0,0.0,18.0,14.0,4.0
392,8,54.0,66.0,7.0,0.0,560.0,12.0,18311.0,991.0,7.0,0.0,18.0,nle.12342.0.ttyrec3.bz2,16.0,0.0,7.0,12.0,54.0,126.0,23837.0,15.0,0.0,1.0,3964.0,0.0,17.0,8.0,1.0
393,9,12.0,112.0,10.0,0.0,4019.0,1056.0,30101.0,5595.0,-9.0,0.0,7.0,nle.12343.0.ttyrec3.bz2,9.0,112.0,0.0,20.0,12.0,1088.0,57716.0,11.0,0.0,5.0,23678.0,0.0,18.0,10.0,5.0
394,10,12.0,35.0,4.0,0.0,545.0,3.0,4238.0,82.0,6.0,0.0,8.0,nle.12343.1.ttyrec3.bz2,11.0,2.0,0.0,13.0,12.0,7.0,5901.0,17.0,0.0,1.0,595.0,0.0,15.0,11.0,1.0
395,11,3.0,15.0,1.0,0.0,380.0,0.0,398.0,10.0,8.0,0.0,8.0,nle.12353.0.ttyrec3.bz2,11.0,15.0,0.0,21.0,3.0,5.0,553.0,9.0,0.0,1.0,45.0,0.0,16.0,10.0,1.0
396,12,36.0,53.0,7.0,0.0,597.0,11.0,17717.0,656.0,6.0,0.0,14.0,nle.12353.1.ttyrec3.bz2,9.0,3.0,1.0,12.0,36.0,19.0,23447.0,18.0,0.0,1.0,3199.0,0.0,18.0,9.0,1.0
397,13,22.0,75.0,9.0,0.0,4253.0,63.0,28779.0,3218.0,-1.0,0.0,8.0,nle.12358.0.ttyrec3.bz2,6.0,0.0,7.0,18.0,22.0,97.0,39357.0,15.0,0.0,7.0,13289.0,0.0,18.0,8.0,7.0
398,14,33.0,59.0,7.0,0.0,500.0,65.0,23924.0,645.0,1.0,0.0,7.0,nle.12358.1.ttyrec3.bz2,13.0,0.0,39.0,13.0,33.0,196.0,29660.0,12.0,0.0,1.0,5084.0,0.0,18.0,16.0,1.0
399,15,29.0,39.0,6.0,0.0,406.0,0.0,16784.0,515.0,2.0,0.0,13.0,nle.12360.0.ttyrec3.bz2,8.0,39.0,0.0,11.0,29.0,2.0,18026.0,14.0,0.0,1.0,2072.0,0.0,17.0,16.0,1.0
400,16,2.0,20.0,1.0,0.0,499.0,4.0,211.0,19.0,1.0,0.0,7.0,nle.12363.1.ttyrec3.bz2,11.0,20.0,3.0,14.0,2.0,10.0,1905.0,16.0,0.0,1.0,102.0,0.0,18.0,9.0,1.0
401,17,17.0,86.0,9.0,0.0,5448.0,68.0,20713.0,3493.0,-3.0,0.0,7.0,nle.12364.0.ttyrec3.bz2,7.0,86.0,0.0,22.0,17.0,560.0,32588.0,16.0,0.0,6.0,14792.0,0.0,18.0,6.0,4.0
402,18,31.0,77.0,8.0,0.0,937.0,23.0,18217.0,1376.0,0.0,0.0,8.0,nle.12364.1.ttyrec3.bz2,9.0,77.0,0.0,19.0,31.0,42.0,28478.0,14.0,0.0,2.0,5606.0,0.0,18.0,9.0,2.0
403,19,39.0,95.0,10.0,0.0,4471.0,464.0,52599.0,8848.0,3.0,0.0,9.0,nle.12365.0.ttyrec3.bz2,8.0,13.0,50.0,16.0,39.0,552.0,87888.0,16.0,0.0,6.0,36204.0,0.0,18.0,8.0,3.0
404,20,72.0,73.0,10.0,0.0,8973.0,80.0,33758.0,7241.0,-2.0,0.0,12.0,nle.12365.1.ttyrec3.bz2,12.0,0.0,7.0,16.0,72.0,359.0,59670.0,17.0,0.0,9.0,29813.0,0.0,18.0,8.0,9.0
405,21,11.0,27.0,3.0,0.0,570.0,21.0,7773.0,79.0,4.0,0.0,4.0,nle.12366.0.ttyrec3.bz2,7.0,24.0,9.0,22.0,11.0,18.0,9549.0,16.0,0.0,1.0,1186.0,0.0,15.0,7.0,1.0
406,22,11.0,37.0,4.0,0.0,405.0,20.0,9058.0,159.0,7.0,0.0,8.0,nle.12366.1.ttyrec3.bz2,6.0,0.0,10.0,17.0,11.0,7.0,12337.0,17.0,0.0,1.0,1481.0,0.0,17.0,8.0,1.0
407,23,42.0,80.0,10.0,0.0,5925.0,119.0,44105.0,6957.0,2.0,0.0,15.0,nle.12367.0.ttyrec3.bz2,9.0,0.0,21.0,17.0,42.0,0.0,67284.0,17.0,0.0,7.0,28138.0,0.0,17.0,14.0,5.0
408,24,22.0,51.0,6.0,0.0,453.0,0.0,8179.0,321.0,8.0,0.0,8.0,nle.12367.1.ttyrec3.bz2,18.0,0.0,0.0,15.0,22.0,969.0,9286.0,12.0,0.0,1.0,1298.0,0.0,17.0,11.0,1.0
409,25,27.0,102.0,11.0,1.0,9696.0,364.0,57750.0,18720.0,2.0,17.0,14.0,nle.12368.0.ttyrec3.bz2,8.0,0.0,39.0,17.0,27.0,1569.0,117014.0,17.0,2.0,10.0,72145.0,0.0,18.0,8.0,10.0
410,26,12.0,48.0,7.0,0.0,495.0,69.0,23486.0,652.0,1.0,0.0,7.0,nle.12368.1.ttyrec3.bz2,7.0,0.0,9.0,13.0,12.0,58.0,35355.0,18.0,0.0,1.0,5066.0,0.0,18.0,12.0,1.0
411,27,57.0,51.0,8.0,0.0,1983.0,40.0,24043.0,2031.0,3.0,0.0,15.0,nle.12369.0.ttyrec3.bz2,8.0,0.0,14.0,14.0,57.0,151.0,31078.0,13.0,0.0,4.0,8425.0,0.0,16.0,13.0,4.0
412,28,36.0,46.0,7.0,0.0,733.0,30.0,15640.0,1137.0,10.0,0.0,17.0,nle.12369.1.ttyrec3.bz2,9.0,0.0,3.0,11.0,36.0,112.0,34160.0,15.0,0.0,1.0,4660.0,0.0,17.0,13.0,1.0
413,29,21.0,72.0,8.0,0.0,2347.0,132.0,25694.0,1905.0,-4.0,0.0,13.0,,7.0,5.0,6.0,13.0,21.0,48.0,42179.0,18.0,0.0,5.0,7878.0,0.0,18.0,12.0,5.0
414,30,36.0,57.0,9.0,0.0,3803.0,155.0,30524.0,3349.0,-4.0,0.0,14.0,,7.0,0.0,13.0,17.0,36.0,185.0,46616.0,14.0,0.0,6.0,13881.0,0.0,18.0,13.0,6.0
415,31,29.0,99.0,13.0,3.0,11790.0,166.0,79024.0,45889.0,-1.0,45.0,9.0,,12.0,99.0,0.0,28.0,29.0,2976.0,153319.0,17.0,4.0,11.0,128802.0,1.0,18.0,9.0,10.0
416,0,46.0,74.0,9.0,0.0,1504.0,168.0,26128.0,2989.0,-3.0,0.0,11.0,nle.43172.0.ttyrec3.bz2,8.0,0.0,3.0,17.0,46.0,61.0,35920.0,17.0,0.0,3.0,12147.0,0.0,18.0,9.0,3.0
417,1,57.0,55.0,8.0,0.0,2594.0,64.0,22609.0,2197.0,1.0,0.0,15.0,nle.43172.1.ttyrec3.bz2,17.0,0.0,0.0,16.0,57.0,93.0,33159.0,14.0,0.0,4.0,9031.0,0.0,17.0,8.0,4.0
418,2,27.0,44.0,6.0,0.0,529.0,15.0,8808.0,323.0,7.0,0.0,11.0,nle.43173.0.ttyrec3.bz2,9.0,0.0,1.0,11.0,27.0,7.0,12195.0,18.0,0.0,1.0,1873.0,0.0,16.0,12.0,1.0
419,3,16.0,97.0,9.0,0.0,6295.0,171.0,24562.0,4442.0,5.0,0.0,9.0,nle.43173.1.ttyrec3.bz2,8.0,0.0,23.0,20.0,16.0,342.0,38927.0,16.0,0.0,6.0,18360.0,0.0,18.0,7.0,6.0
420,4,121.0,52.0,9.0,0.0,4549.0,59.0,25476.0,3892.0,-4.0,0.0,18.0,nle.43174.0.ttyrec3.bz2,10.0,6.0,3.0,15.0,121.0,214.0,39218.0,17.0,0.0,5.0,16052.0,0.0,16.0,8.0,5.0
421,5,43.0,55.0,7.0,0.0,761.0,19.0,23338.0,1279.0,-2.0,0.0,12.0,nle.43174.1.ttyrec3.bz2,10.0,4.0,2.0,16.0,43.0,143.0,41947.0,18.0,0.0,2.0,5989.0,0.0,17.0,7.0,2.0
422,6,36.0,49.0,6.0,0.0,496.0,24.0,11546.0,321.0,3.0,0.0,11.0,nle.43175.0.ttyrec3.bz2,10.0,2.0,2.0,14.0,36.0,4.0,20363.0,17.0,0.0,1.0,2180.0,0.0,16.0,8.0,1.0
423,7,45.0,79.0,8.0,0.0,2196.0,202.0,25167.0,1865.0,5.0,0.0,12.0,nle.43175.1.ttyrec3.bz2,9.0,0.0,19.0,15.0,45.0,49.0,42852.0,14.0,0.0,5.0,7729.0,0.0,18.0,15.0,4.0
424,8,23.0,61.0,6.0,0.0,1379.0,108.0,13341.0,552.0,3.0,0.0,11.0,nle.43176.0.ttyrec3.bz2,15.0,0.0,40.0,15.0,23.0,41.0,14634.0,12.0,0.0,3.0,2318.0,0.0,18.0,15.0,1.0
425,9,25.0,32.0,6.0,0.0,472.0,42.0,13152.0,639.0,6.0,0.0,12.0,nle.43176.1.ttyrec3.bz2,10.0,0.0,23.0,14.0,25.0,12.0,17740.0,12.0,0.0,1.0,3064.0,0.0,15.0,13.0,1.0
426,10,40.0,94.0,12.0,4.0,12955.0,499.0,53641.0,21448.0,0.0,53.0,11.0,nle.43177.0.ttyrec3.bz2,8.0,0.0,2.0,18.0,40.0,5685.0,106938.0,16.0,4.0,11.0,91997.0,1.0,18.0,9.0,10.0
427,11,40.0,59.0,8.0,0.0,2646.0,21.0,23240.0,2100.0,1.0,0.0,15.0,nle.43177.1.ttyrec3.bz2,10.0,0.0,2.0,13.0,40.0,67.0,44265.0,16.0,4.0,5.0,8677.0,0.0,18.0,18.0,5.0
428,12,64.0,56.0,9.0,0.0,4861.0,60.0,23389.0,3836.0,0.0,0.0,14.0,nle.43178.0.ttyrec3.bz2,17.0,0.0,8.0,16.0,64.0,390.0,36647.0,13.0,0.0,7.0,16064.0,0.0,18.0,8.0,7.0
429,13,25.0,72.0,9.0,0.0,2806.0,40.0,28056.0,2563.0,-3.0,0.0,7.0,nle.43179.0.ttyrec3.bz2,17.0,42.0,13.0,13.0,25.0,45.0,43185.0,15.0,0.0,4.0,10402.0,0.0,18.0,15.0,4.0
430,14,44.0,29.0,3.0,0.0,627.0,23.0,5371.0,79.0,6.0,0.0,15.0,nle.43179.1.ttyrec3.bz2,10.0,1.0,16.0,14.0,44.0,23.0,6130.0,10.0,0.0,1.0,535.0,0.0,15.0,11.0,1.0
431,15,36.0,65.0,8.0,0.0,3640.0,172.0,23087.0,2387.0,-3.0,0.0,14.0,nle.43180.0.ttyrec3.bz2,7.0,0.0,45.0,16.0,36.0,367.0,28847.0,14.0,0.0,5.0,10125.0,0.0,18.0,15.0,5.0
432,16,63.0,64.0,8.0,0.0,747.0,53.0,21415.0,1905.0,-2.0,0.0,15.0,nle.43180.1.ttyrec3.bz2,17.0,0.0,0.0,13.0,63.0,111.0,50253.0,16.0,0.0,2.0,7670.0,0.0,17.0,8.0,2.0
433,17,56.0,65.0,9.0,0.0,4310.0,101.0,30082.0,3741.0,10.0,0.0,15.0,nle.43181.0.ttyrec3.bz2,8.0,0.0,13.0,14.0,56.0,339.0,44267.0,15.0,0.0,5.0,15513.0,0.0,18.0,13.0,4.0
434,18,10.0,68.0,6.0,0.0,382.0,93.0,16019.0,639.0,10.0,0.0,7.0,nle.43181.1.ttyrec3.bz2,6.0,0.0,72.0,17.0,10.0,38.0,20454.0,17.0,0.0,1.0,3978.0,0.0,18.0,8.0,1.0
435,19,42.0,50.0,8.0,0.0,2342.0,55.0,25068.0,1306.0,0.0,0.0,15.0,nle.43182.0.ttyrec3.bz2,8.0,0.0,18.0,17.0,42.0,67.0,33426.0,15.0,0.0,4.0,7165.0,0.0,17.0,13.0,4.0
436,20,33.0,27.0,3.0,0.0,652.0,10.0,3861.0,46.0,7.0,0.0,16.0,nle.43182.1.ttyrec3.bz2,18.0,0.0,7.0,13.0,33.0,1694.0,4963.0,9.0,0.0,1.0,345.0,0.0,17.0,10.0,1.0
437,21,49.0,78.0,10.0,0.0,8691.0,95.0,29443.0,7715.0,1.0,0.0,15.0,nle.43183.0.ttyrec3.bz2,8.0,4.0,0.0,17.0,49.0,259.0,58296.0,17.0,0.0,8.0,31529.0,0.0,17.0,9.0,6.0
438,22,6.0,29.0,3.0,0.0,560.0,10.0,5116.0,79.0,3.0,0.0,6.0,nle.43183.1.ttyrec3.bz2,9.0,0.0,0.0,15.0,6.0,8.0,7237.0,15.0,0.0,1.0,616.0,0.0,18.0,10.0,1.0
439,23,15.0,35.0,4.0,0.0,662.0,28.0,19267.0,159.0,4.0,0.0,6.0,nle.43184.0.ttyrec3.bz2,6.0,35.0,11.0,17.0,15.0,526.0,27869.0,18.0,0.0,1.0,3888.0,0.0,17.0,11.0,1.0
440,24,75.0,87.0,10.0,0.0,7363.0,103.0,25806.0,5230.0,-1.0,0.0,17.0,nle.43184.1.ttyrec3.bz2,18.0,10.0,5.0,17.0,75.0,816.0,49640.0,15.0,0.0,9.0,22156.0,0.0,18.0,7.0,9.0
441,25,40.0,52.0,7.0,0.0,563.0,38.0,12157.0,865.0,3.0,0.0,13.0,nle.43185.0.ttyrec3.bz2,17.0,0.0,0.0,14.0,40.0,13.0,16687.0,9.0,0.0,1.0,3483.0,0.0,16.0,10.0,1.0
442,26,11.0,76.0,8.0,0.0,1851.0,47.0,20425.0,1809.0,3.0,0.0,9.0,nle.43185.1.ttyrec3.bz2,8.0,0.0,15.0,21.0,11.0,95.0,25723.0,16.0,0.0,4.0,7481.0,0.0,18.0,9.0,4.0
443,27,15.0,76.0,8.0,0.0,2960.0,26.0,23263.0,2489.0,-3.0,0.0,6.0,nle.43186.0.ttyrec3.bz2,7.0,0.0,2.0,18.0,15.0,323.0,36044.0,18.0,0.0,5.0,10499.0,0.0,17.0,7.0,5.0
444,28,23.0,31.0,3.0,0.0,492.0,32.0,2878.0,46.0,7.0,0.0,13.0,nle.43186.1.ttyrec3.bz2,18.0,1.0,24.0,10.0,23.0,1762.0,3865.0,10.0,0.0,1.0,306.0,0.0,14.0,9.0,1.0
445,29,16.0,60.0,6.0,0.0,568.0,38.0,19990.0,639.0,6.0,0.0,9.0,nle.43187.0.ttyrec3.bz2,9.0,0.0,18.0,13.0,16.0,39.0,30520.0,18.0,0.0,1.0,4015.0,0.0,18.0,13.0,1.0
446,30,2.0,14.0,1.0,0.0,255.0,0.0,194.0,6.0,10.0,0.0,9.0,nle.43187.1.ttyrec3.bz2,18.0,0.0,0.0,11.0,2.0,968.0,442.0,11.0,0.0,1.0,26.0,0.0,15.0,11.0,1.0
447,31,28.0,71.0,7.0,0.0,521.0,60.0,15834.0,808.0,1.0,0.0,11.0,,9.0,0.0,23.0,16.0,28.0,55.0,22703.0,14.0,0.0,1.0,3287.0,0.0,18.0,10.0,1.0
448,0,21.0,54.0,6.0,0.0,635.0,26.0,7928.0,322.0,3.0,0.0,7.0,nle.55387.0.ttyrec3.bz2,9.0,1.0,15.0,14.0,21.0,0.0,10377.0,17.0,0.0,1.0,1376.0,0.0,17.0,8.0,1.0
449,1,33.0,111.0,12.0,0.0,5726.0,222.0,63033.0,28924.0,-3.0,0.0,8.0,nle.55388.0.ttyrec3.bz2,8.0,111.0,70.0,25.0,33.0,1785.0,142917.0,15.0,0.0,5.0,101897.0,0.0,18.0,7.0,5.0
450,2,28.0,80.0,9.0,0.0,5983.0,81.0,24952.0,3916.0,1.0,0.0,10.0,nle.55388.1.ttyrec3.bz2,8.0,0.0,23.0,20.0,28.0,994.0,42388.0,17.0,0.0,7.0,16968.0,0.0,18.0,10.0,7.0
451,3,15.0,39.0,6.0,0.0,552.0,75.0,13182.0,639.0,4.0,0.0,13.0,nle.55389.0.ttyrec3.bz2,8.0,0.0,1.0,16.0,15.0,42.0,17106.0,11.0,0.0,1.0,3954.0,0.0,15.0,14.0,1.0
452,4,11.0,47.0,4.0,0.0,605.0,33.0,6682.0,159.0,2.0,0.0,7.0,nle.55389.1.ttyrec3.bz2,7.0,1.0,21.0,20.0,11.0,12.0,8206.0,16.0,0.0,1.0,1032.0,0.0,18.0,7.0,1.0
453,5,50.0,45.0,6.0,0.0,549.0,82.0,8422.0,497.0,3.0,0.0,17.0,nle.55390.0.ttyrec3.bz2,10.0,0.0,0.0,14.0,50.0,0.0,18362.0,13.0,0.0,1.0,1988.0,0.0,18.0,10.0,1.0
454,6,50.0,63.0,9.0,0.0,2896.0,222.0,30425.0,3326.0,0.0,0.0,14.0,nle.55390.1.ttyrec3.bz2,9.0,0.0,35.0,15.0,50.0,50.0,60306.0,18.0,0.0,5.0,13554.0,0.0,18.0,11.0,3.0
455,7,47.0,50.0,6.0,0.0,523.0,4.0,7628.0,469.0,3.0,0.0,14.0,nle.55391.0.ttyrec3.bz2,17.0,0.0,0.0,17.0,47.0,16.0,9907.0,11.0,0.0,1.0,1892.0,0.0,12.0,7.0,1.0
456,8,16.0,35.0,4.0,0.0,600.0,3.0,4077.0,135.0,9.0,0.0,11.0,nle.55391.1.ttyrec3.bz2,13.0,7.0,3.0,13.0,16.0,224.0,4314.0,12.0,0.0,1.0,567.0,0.0,15.0,13.0,1.0
457,9,14.0,36.0,4.0,0.0,543.0,40.0,9584.0,159.0,9.0,0.0,5.0,nle.55392.0.ttyrec3.bz2,13.0,0.0,6.0,13.0,14.0,900.0,13918.0,13.0,0.0,1.0,857.0,0.0,17.0,12.0,1.0
458,10,47.0,103.0,10.0,0.0,12270.0,220.0,46543.0,7919.0,0.0,0.0,9.0,nle.55392.1.ttyrec3.bz2,9.0,0.0,4.0,16.0,47.0,1302.0,96186.0,15.0,0.0,11.0,51678.0,0.0,18.0,10.0,11.0
459,11,49.0,54.0,8.0,0.0,1249.0,9.0,21214.0,1391.0,1.0,0.0,14.0,nle.55393.0.ttyrec3.bz2,7.0,0.0,2.0,15.0,49.0,86.0,24876.0,15.0,0.0,2.0,5710.0,0.0,18.0,13.0,2.0
460,12,52.0,50.0,7.0,0.0,542.0,22.0,15257.0,960.0,-1.0,0.0,7.0,nle.55393.1.ttyrec3.bz2,10.0,0.0,0.0,14.0,52.0,14.0,19139.0,16.0,0.0,1.0,3854.0,0.0,16.0,18.0,1.0
461,13,79.0,74.0,8.0,0.0,2982.0,32.0,19406.0,1905.0,7.0,0.0,18.0,nle.55394.0.ttyrec3.bz2,17.0,0.0,0.0,14.0,79.0,80.0,26488.0,14.0,0.0,5.0,7830.0,0.0,18.0,9.0,5.0
462,14,39.0,66.0,8.0,0.0,2228.0,100.0,17644.0,1365.0,3.0,0.0,10.0,nle.55394.1.ttyrec3.bz2,7.0,0.0,0.0,17.0,39.0,99.0,27400.0,17.0,0.0,5.0,5759.0,0.0,17.0,8.0,5.0
463,15,39.0,67.0,9.0,0.0,5922.0,167.0,32020.0,4053.0,-2.0,0.0,14.0,nle.55395.0.ttyrec3.bz2,9.0,4.0,50.0,16.0,39.0,732.0,44201.0,16.0,0.0,5.0,17154.0,0.0,18.0,14.0,5.0
464,16,41.0,78.0,9.0,0.0,5324.0,92.0,26206.0,3450.0,4.0,0.0,10.0,nle.55395.1.ttyrec3.bz2,9.0,0.0,1.0,25.0,41.0,352.0,45487.0,15.0,0.0,5.0,14362.0,0.0,18.0,8.0,4.0
465,17,10.0,41.0,4.0,0.0,571.0,25.0,7280.0,159.0,6.0,0.0,6.0,nle.55396.1.ttyrec3.bz2,6.0,0.0,12.0,17.0,10.0,20.0,8933.0,17.0,0.0,1.0,816.0,0.0,18.0,8.0,1.0
466,18,92.0,45.0,6.0,0.0,638.0,26.0,11345.0,576.0,-2.0,0.0,20.0,nle.55397.0.ttyrec3.bz2,14.0,45.0,18.0,10.0,92.0,3.0,15321.0,12.0,0.0,1.0,2307.0,0.0,16.0,8.0,1.0
467,19,71.0,66.0,8.0,0.0,1193.0,34.0,19236.0,1397.0,5.0,0.0,10.0,nle.55397.1.ttyrec3.bz2,9.0,0.0,3.0,16.0,71.0,14.0,27594.0,16.0,0.0,2.0,5662.0,0.0,18.0,16.0,2.0
468,20,52.0,88.0,10.0,0.0,8720.0,157.0,36355.0,6633.0,-3.0,0.0,9.0,nle.55398.0.ttyrec3.bz2,7.0,0.0,2.0,17.0,52.0,15.0,59573.0,17.0,0.0,9.0,26967.0,0.0,17.0,9.0,9.0
469,21,5.0,47.0,4.0,0.0,582.0,4.0,3495.0,83.0,5.0,0.0,7.0,nle.55398.1.ttyrec3.bz2,8.0,0.0,1.0,18.0,5.0,10.0,4654.0,14.0,0.0,1.0,418.0,0.0,17.0,8.0,1.0
470,22,10.0,49.0,4.0,0.0,491.0,122.0,5161.0,159.0,4.0,0.0,5.0,nle.55399.0.ttyrec3.bz2,7.0,0.0,0.0,17.0,10.0,14.0,6380.0,18.0,0.0,1.0,966.0,0.0,18.0,7.0,1.0
471,23,79.0,80.0,10.0,1.0,7609.0,292.0,37382.0,8644.0,-6.0,22.0,15.0,nle.55399.1.ttyrec3.bz2,18.0,0.0,1.0,16.0,79.0,607.0,78298.0,16.0,2.0,11.0,35583.0,0.0,18.0,7.0,11.0
472,24,36.0,66.0,9.0,0.0,5270.0,88.0,30695.0,4030.0,-4.0,0.0,14.0,nle.55400.0.ttyrec3.bz2,7.0,0.0,7.0,16.0,36.0,632.0,39858.0,13.0,0.0,7.0,17062.0,0.0,18.0,13.0,7.0
473,25,34.0,47.0,7.0,0.0,511.0,41.0,19455.0,1271.0,10.0,0.0,9.0,nle.55401.0.ttyrec3.bz2,12.0,2.0,0.0,9.0,34.0,0.0,46789.0,13.0,0.0,1.0,5094.0,0.0,17.0,11.0,1.0
474,26,25.0,56.0,7.0,0.0,494.0,49.0,17468.0,699.0,4.0,0.0,9.0,nle.55401.1.ttyrec3.bz2,14.0,0.0,9.0,16.0,25.0,366.0,23731.0,14.0,0.0,1.0,2825.0,0.0,17.0,11.0,1.0
475,27,27.0,70.0,8.0,0.0,1329.0,82.0,30723.0,1418.0,3.0,0.0,10.0,nle.55402.0.ttyrec3.bz2,16.0,70.0,16.0,14.0,27.0,43.0,35854.0,16.0,0.0,3.0,5772.0,0.0,18.0,16.0,3.0
476,28,19.0,67.0,7.0,0.0,492.0,18.0,15764.0,722.0,-4.0,0.0,8.0,nle.55402.1.ttyrec3.bz2,10.0,0.0,8.0,14.0,19.0,19.0,19930.0,14.0,0.0,1.0,2917.0,0.0,18.0,12.0,1.0
477,29,26.0,78.0,9.0,0.0,4456.0,89.0,30653.0,3614.0,0.0,0.0,13.0,,9.0,5.0,1.0,13.0,26.0,740.0,68211.0,15.0,0.0,5.0,15406.0,0.0,17.0,16.0,3.0
478,30,37.0,51.0,8.0,0.0,2809.0,56.0,16593.0,1580.0,3.0,0.0,10.0,,10.0,0.0,0.0,19.0,37.0,38.0,22496.0,13.0,0.0,4.0,6508.0,0.0,16.0,10.0,4.0
479,31,17.0,51.0,5.0,0.0,505.0,66.0,8656.0,291.0,3.0,0.0,8.0,,7.0,0.0,50.0,16.0,17.0,15.0,9811.0,17.0,0.0,1.0,1179.0,0.0,18.0,7.0,1.0
480,0,16.0,39.0,4.0,0.0,564.0,24.0,14592.0,159.0,9.0,0.0,8.0,nle.52134.0.ttyrec3.bz2,16.0,1.0,16.0,12.0,16.0,114.0,16803.0,12.0,0.0,1.0,2159.0,0.0,17.0,11.0,1.0
481,1,24.0,68.0,8.0,0.0,2685.0,151.0,26035.0,2076.0,-2.0,0.0,9.0,nle.52134.1.ttyrec3.bz2,8.0,0.0,3.0,15.0,24.0,646.0,38357.0,16.0,0.0,5.0,9160.0,0.0,18.0,11.0,5.0
482,2,37.0,53.0,6.0,0.0,609.0,16.0,8639.0,328.0,4.0,0.0,15.0,nle.52135.0.ttyrec3.bz2,11.0,0.0,0.0,13.0,37.0,7.0,12890.0,15.0,0.0,1.0,1865.0,0.0,16.0,11.0,1.0
483,3,41.0,74.0,9.0,0.0,2846.0,50.0,22992.0,2601.0,-3.0,0.0,14.0,nle.52135.1.ttyrec3.bz2,7.0,0.0,19.0,17.0,41.0,525.0,30054.0,13.0,0.0,4.0,11089.0,0.0,18.0,14.0,4.0
484,4,56.0,54.0,8.0,0.0,2098.0,83.0,28700.0,2481.0,2.0,0.0,14.0,nle.52136.0.ttyrec3.bz2,9.0,4.0,8.0,14.0,56.0,265.0,45475.0,16.0,0.0,5.0,10409.0,0.0,16.0,14.0,5.0
485,5,25.0,101.0,10.0,0.0,7023.0,148.0,31194.0,6061.0,0.0,0.0,13.0,nle.52137.0.ttyrec3.bz2,7.0,101.0,19.0,17.0,25.0,235.0,65045.0,16.0,0.0,6.0,24729.0,0.0,18.0,9.0,6.0
486,6,13.0,45.0,5.0,0.0,548.0,29.0,9344.0,319.0,7.0,0.0,8.0,nle.52137.1.ttyrec3.bz2,7.0,1.0,16.0,20.0,13.0,22.0,11978.0,13.0,0.0,1.0,1886.0,0.0,18.0,10.0,1.0
487,7,16.0,85.0,9.0,0.0,4757.0,19.0,26767.0,2868.0,1.0,0.0,7.0,nle.52138.0.ttyrec3.bz2,8.0,0.0,2.0,20.0,16.0,276.0,37994.0,16.0,0.0,5.0,11968.0,0.0,18.0,7.0,4.0
488,8,37.0,81.0,9.0,0.0,4099.0,95.0,20310.0,2682.0,-1.0,0.0,7.0,nle.52138.1.ttyrec3.bz2,6.0,81.0,13.0,18.0,37.0,80.0,32758.0,18.0,0.0,7.0,11108.0,0.0,18.0,9.0,7.0
489,9,39.0,72.0,10.0,0.0,5852.0,96.0,43495.0,8071.0,-7.0,0.0,13.0,nle.52139.0.ttyrec3.bz2,7.0,0.0,10.0,16.0,39.0,155.0,62323.0,17.0,0.0,6.0,32689.0,0.0,18.0,13.0,4.0
490,10,47.0,49.0,5.0,0.0,448.0,1.0,5440.0,228.0,1.0,0.0,14.0,nle.52139.1.ttyrec3.bz2,17.0,0.0,0.0,15.0,47.0,13.0,8613.0,10.0,0.0,1.0,925.0,0.0,15.0,9.0,1.0
491,11,25.0,106.0,12.0,3.0,10756.0,304.0,72406.0,32012.0,-9.0,35.0,12.0,nle.52140.0.ttyrec3.bz2,9.0,0.0,5.0,19.0,25.0,8460.0,160214.0,15.0,4.0,14.0,130022.0,1.0,18.0,9.0,14.0
492,12,29.0,69.0,9.0,0.0,3872.0,151.0,29139.0,3728.0,-2.0,0.0,9.0,nle.52140.1.ttyrec3.bz2,11.0,0.0,10.0,15.0,29.0,605.0,49029.0,17.0,0.0,5.0,15727.0,0.0,18.0,10.0,3.0
493,13,39.0,52.0,8.0,0.0,2548.0,72.0,21763.0,2415.0,-1.0,0.0,15.0,nle.52141.0.ttyrec3.bz2,9.0,0.0,1.0,13.0,39.0,360.0,40551.0,15.0,0.0,4.0,10180.0,0.0,17.0,15.0,4.0
494,14,42.0,56.0,8.0,0.0,2542.0,33.0,23189.0,2121.0,5.0,0.0,14.0,nle.52141.1.ttyrec3.bz2,9.0,0.0,10.0,18.0,42.0,133.0,37548.0,14.0,0.0,3.0,8727.0,0.0,18.0,8.0,3.0
495,15,71.0,55.0,8.0,0.0,2126.0,319.0,18328.0,1521.0,-1.0,0.0,14.0,nle.52142.0.ttyrec3.bz2,18.0,0.0,4.0,14.0,71.0,65.0,27238.0,12.0,0.0,4.0,6299.0,0.0,17.0,9.0,4.0
496,16,22.0,54.0,5.0,0.0,648.0,25.0,13604.0,319.0,9.0,0.0,8.0,nle.52142.1.ttyrec3.bz2,15.0,0.0,18.0,11.0,22.0,449.0,14591.0,13.0,0.0,1.0,1968.0,0.0,18.0,13.0,1.0
497,17,14.0,67.0,5.0,0.0,440.0,6.0,6370.0,160.0,6.0,0.0,7.0,nle.52143.0.ttyrec3.bz2,6.0,1.0,4.0,16.0,14.0,12.0,7985.0,18.0,0.0,1.0,966.0,0.0,18.0,8.0,1.0
498,18,83.0,70.0,8.0,0.0,3095.0,98.0,29651.0,1914.0,1.0,0.0,9.0,nle.52143.1.ttyrec3.bz2,12.0,0.0,24.0,9.0,83.0,144.0,38203.0,16.0,0.0,5.0,8000.0,0.0,18.0,17.0,5.0
499,19,32.0,50.0,6.0,0.0,405.0,21.0,9624.0,328.0,3.0,0.0,11.0,nle.52144.0.ttyrec3.bz2,10.0,3.0,5.0,9.0,32.0,17.0,14070.0,17.0,0.0,1.0,1729.0,0.0,16.0,11.0,1.0
500,20,26.0,69.0,8.0,0.0,2160.0,55.0,20862.0,1848.0,0.0,0.0,10.0,nle.52144.1.ttyrec3.bz2,8.0,2.0,8.0,13.0,26.0,66.0,36817.0,18.0,0.0,4.0,7618.0,0.0,18.0,10.0,4.0
501,21,65.0,71.0,8.0,0.0,1882.0,49.0,27861.0,1967.0,-2.0,0.0,15.0,nle.52145.0.ttyrec3.bz2,17.0,0.0,4.0,14.0,65.0,1348.0,38412.0,15.0,0.0,4.0,8221.0,0.0,18.0,10.0,4.0
502,22,108.0,110.0,13.0,2.0,15591.0,276.0,89635.0,40461.0,-7.0,28.0,13.0,nle.52145.1.ttyrec3.bz2,17.0,68.0,3.0,17.0,108.0,313.0,140542.0,16.0,3.0,11.0,116643.0,0.0,17.0,8.0,11.0
503,23,72.0,70.0,8.0,0.0,2798.0,43.0,20153.0,1767.0,2.0,0.0,7.0,nle.52146.0.ttyrec3.bz2,10.0,0.0,11.0,13.0,72.0,101.0,26629.0,17.0,3.0,4.0,7319.0,0.0,17.0,15.0,4.0
504,24,69.0,77.0,10.0,0.0,9869.0,105.0,37906.0,9103.0,1.0,0.0,16.0,nle.52146.1.ttyrec3.bz2,17.0,0.0,2.0,16.0,69.0,1853.0,73720.0,17.0,0.0,11.0,38775.0,0.0,18.0,7.0,11.0
505,25,112.0,51.0,7.0,0.0,587.0,56.0,15740.0,651.0,0.0,0.0,18.0,nle.52148.0.ttyrec3.bz2,11.0,0.0,4.0,14.0,112.0,38.0,23035.0,16.0,0.0,1.0,3414.0,0.0,16.0,10.0,1.0
506,26,18.0,85.0,9.0,0.0,5707.0,44.0,29291.0,4064.0,7.0,0.0,8.0,nle.52148.1.ttyrec3.bz2,7.0,0.0,5.0,16.0,18.0,737.0,45734.0,18.0,0.0,8.0,17353.0,0.0,19.0,7.0,8.0
507,27,29.0,91.0,9.0,0.0,5018.0,176.0,26838.0,2633.0,6.0,0.0,8.0,nle.52150.0.ttyrec3.bz2,10.0,0.0,4.0,16.0,29.0,274.0,43333.0,15.0,1.0,7.0,11226.0,0.0,18.0,8.0,5.0
508,28,33.0,67.0,8.0,0.0,2148.0,28.0,22365.0,1882.0,2.0,0.0,6.0,nle.52150.1.ttyrec3.bz2,13.0,0.0,3.0,17.0,33.0,74.0,31010.0,16.0,0.0,3.0,7638.0,0.0,18.0,9.0,3.0
509,29,51.0,66.0,9.0,0.0,4200.0,192.0,21976.0,2696.0,5.0,0.0,10.0,nle.52152.0.ttyrec3.bz2,10.0,0.0,0.0,19.0,51.0,164.0,39393.0,14.0,0.0,6.0,11218.0,0.0,18.0,9.0,6.0
510,30,16.0,18.0,2.0,0.0,514.0,3.0,487.0,30.0,4.0,0.0,18.0,nle.52152.1.ttyrec3.bz2,9.0,0.0,1.0,12.0,16.0,6.0,1635.0,10.0,0.0,1.0,126.0,0.0,16.0,10.0,1.0
511,31,34.0,47.0,7.0,0.0,623.0,45.0,14404.0,804.0,2.0,0.0,14.0,,8.0,0.0,19.0,15.0,34.0,7.0,16048.0,13.0,0.0,1.0,3223.0,0.0,16.0,13.0,1.0
